epic,class,prob,float_x,float_y,temp_dist
201488365,EA,0.98383,19.690686971997348,15.986427481923993,1.0953115096184065
201893576,EA,0.714268,22.452838624315046,17.200819312737487,0.3692023609558096
201738572,OTHPER,0.994142,37.97372198383789,34.924638410561265,0.2949992823484799
201927024,EB,0.923997,34.065711485241,18.383322347075616,0.5715017707871175
201407812,EA,0.7756109999999999,19.24865010924239,15.635575414475944,0.6535790981330889
201610811,EB,0.900755,4.900144065493359,37.8775269294096,0.10311151391291129
201531578,EB,0.936976,33.75201312549826,17.68103154324375,0.9351561468414298
201271106,OTHPER,0.992301,13.873815657276966,0.5636713255439827,0.552391766721825
201902310,OTHPER,0.990096,29.9357998118712,39.09018794501815,0.3920188036917748
201762815,EB,0.995939,30.070415021356627,38.8447918515473,0.40782007329356174
201592061,EB,0.995666,4.834001043045895,37.40451563102398,0.10484119436721509
201789080,OTHPER,0.990724,35.9198377457097,34.47412464279269,0.5121768245806616
201325244,OTHPER,0.990063,16.424028255817838,35.49917800368427,1.214831925050364
201368515,EA,0.748617,20.406377706385488,15.791044797397861,0.4701972317656456
201648133,EA,0.972627,20.243583420550564,15.385733141441232,0.9273321013849521
201739972,DSCUT,0.958212,15.44400108477205,34.41876846766189,0.9528613573087626
201607088,EB,0.982095,27.576652977697343,19.054157684604696,0.4594395999273927
201689490,OTHPER,0.991966,38.141634958345065,38.00657067014864,0.2216007066583728
201398311,RRab,0.832359,3.7815960918374083,16.538324995370505,1.2258890812882162
201608319,OTHPER,0.993466,39.04124598155363,31.23987601814528,1.3368835326162865
201749821,EB,0.998527,26.571282445403863,18.328061273726433,0.8660197552661366
201238932,DSCUT,0.936373,5.60025174811527,38.62518856472302,0.11333953744617331
201273981,OTHPER,0.993277,37.239036677073216,33.65238995948868,0.6449380835733929
201780233,RRab,0.716609,3.057880991859033,19.135701255638956,0.301545689279277
201700978,OTHPER,0.994007,17.55891338159187,34.91570309418284,1.8349157259080147
201803365,EB,0.967434,30.922059459187047,16.78339059905532,0.451801408997288
201562530,EA,0.7187640000000001,17.156669275827443,35.4103614183115,1.328912382170973
201517854,EB,0.911546,32.42185131764877,17.72443588735824,1.3223581459257692
201476362,EB,0.983152,28.894461010117876,18.316801885195634,0.6763341482431489
201840254,OTHPER,0.996243,38.80200762757333,29.329444182901863,0.7037638336613016
201826968,EB,0.997466,32.39332639801382,18.55842515177012,0.653093391701983
201926949,OTHPER,0.997439,39.44891352520068,32.595483433740704,0.49064301800143073
201199000,GDOR,0.663535,16.866916410414227,35.19073160572238,2.3385157711525077
201698669,EB,0.993093,32.11912994711814,20.625659058039552,0.34457797896199227
201903779,GDOR,0.7372890000000001,36.71920649669409,36.890140582980315,0.25149246311255286
201940767,EB,0.998529,30.963797145989492,18.614805433414787,0.6019010720105751
201266727,EB,0.999572,31.779062740020624,18.338895409584744,0.6051931091958469
201182911,EA,0.982395,19.044954414024605,17.876637807564776,0.7896611155836585
201356556,OTHPER,0.996229,39.21925528350807,34.95476110714639,0.39274414268704483
201809540,OTHPER,0.995873,38.380339825538016,34.62211929705899,0.2899268502911087
201754974,OTHPER,0.992121,30.060434931618843,1.2295916955350912,0.6881874867813409
201501958,OTHPER,0.990697,27.65207884369899,1.5390732507650957,1.4096591774628096
201681411,EB,0.986243,30.460390650221722,19.39558848126673,0.673023320177125
201257260,OTHPER,0.992557,39.08264420595375,36.55013301261132,0.11241113384946125
201180520,OTHPER,0.993422,22.035410177188268,35.83542777425546,0.6496037677699816
201129544,OTHPER,0.993138,17.940621206362742,36.4311139037826,1.9695833528839461
201561005,OTHPER,0.992238,34.83298129009301,31.035055819195637,0.5148168903620639
201473612,EB,0.990385,24.500875558515403,19.198076637282536,0.5135490068666231
201493012,OTHPER,0.992187,31.10064683301,39.29534207984089,0.2513926004022012
201670373,OTHPER,0.994307,3.028131227467479,36.772478134932,0.12160374975167754
201587445,OTHPER,0.993223,35.49547888664436,35.50385805083511,0.17325924459032632
201488452,RRab,0.760891,1.5739197155297269,27.937916578253695,2.629584707369264
201193666,EB,0.971802,27.8741341458955,20.45101488694702,1.268478355983762
201458798,EB,0.9982,25.036103204468862,16.960706008336842,0.6511900197204548
201715393,GDOR,0.749131,12.59940189910713,37.67175771713129,0.33342714801168094
201253025,EA,0.998633,21.039739620986623,14.934800908757499,1.079682862388637
201715262,EB,0.900547,21.02665178522081,8.642649227498518,1.8262049290211069
201725399,EB,0.990429,23.48465466072205,19.47765482186516,0.5107448454640432
201576812,EA,0.7054630000000001,32.487922878833864,2.1854618812023743,1.0584968226469678
201814774,GDOR,0.745607,0.8529020455329483,37.07493179253222,0.11538740764491773
201511174,OTHPER,0.990191,12.635497405173659,35.58795748282679,0.20243276961567214
201855304,OTHPER,0.992279,34.14946503536695,38.31925503800886,0.3480627491078166
201673708,OTHPER,0.993173,3.079765241509065,39.244902116318585,0.14961687397826148
201700247,OTHPER,0.996481,1.5896423587223865,30.443959424637395,1.1299241689624366
201146397,OTHPER,0.994474,31.191730858728594,3.0934036785518892,1.5485167992113773
201664689,OTHPER,0.992039,17.26590421801096,37.351355673212346,0.5307451533517002
201193506,EB,0.92425,8.62947988652929,38.833700636094164,0.15265339830964658
201910513,OTHPER,0.990492,18.47725737243428,2.5606922698466947,0.2984916353409729
201731218,OTHPER,0.992665,32.16193065760596,32.30669931193443,0.5482017495383917
201184068,EA,0.7918270000000001,20.80231014656497,15.896309489669697,0.5076255144863491
201707257,OTHPER,0.997816,12.827671486457362,37.74195507552227,0.28822183245695876
201251164,OTHPER,0.990257,9.177631037704355,38.107401757322705,0.15441739096941304
201870289,OTHPER,0.996384,12.299884351487853,38.74760478592356,0.21361624799174542
201940505,EB,0.988621,34.510937844081,15.938747589923615,1.2767439938747427
201380321,OTHPER,0.993639,16.88084581871558,36.38360400920702,0.3928729492431193
201203630,OTHPER,0.994265,34.66350984239318,20.195153885983824,1.2060372324708721
201642107,OTHPER,0.994665,36.407269286200076,34.124822103442455,0.23077440115533637
201810513,EA,0.935575,20.190225307721665,16.443643481962486,0.7024918093548678
201462240,OTHPER,0.994731,13.131109574172644,35.85921759483806,0.40906321285858716
201419249,OTHPER,0.992319,9.054806445134245,39.2376933207632,0.18659710755841769
201152399,OTHPER,0.99153,28.500476154925792,1.1568375187323245,0.5067692103573649
201518712,OTHPER,0.992839,7.899335429208169,39.46350312064714,0.19879113009681743
201896663,OTHPER,0.990853,15.068822844639405,36.665820072842266,0.6964698281489052
201723461,EA,0.7306159999999999,18.64471741462113,12.666100244816564,1.45912708803628
201318538,OTHPER,0.990144,36.35896421105796,37.235441991480656,0.1750499711396025
201921381,EB,0.983653,30.850693322983297,16.682218416111308,0.15008354451650852
201602854,DSCUT,0.994356,0.39653739210752303,38.56204763625776,0.12250445716679252
201246763,EA,0.813033,19.049045238734568,16.02372287291889,0.21739005761164973
201318977,OTHPER,0.993704,6.071785088971253,38.649649476337835,0.11903636826231415
201610136,OTHPER,0.991038,2.2054142100066194,26.724644830546378,2.6551397356344832
201850413,DSCUT,0.981465,5.69899815608259,39.224191521295715,0.07769819452993135
201379113,EA,0.998176,19.464713594818637,14.671208904630065,0.9446270138146431
201382417,EA,0.997609,21.086441878063855,16.031689241816434,1.0300997804604675
201928270,EB,0.90353,32.14770156631265,16.268026558571847,1.071746524160457
201871951,GDOR,0.848618,4.272136206760141,37.09927139982237,0.11000831396268787
201680569,EB,0.967583,22.56387405994535,19.04944325148614,1.2438182223761927
201434469,GDOR,0.941915,5.327589359884037,35.652502588455135,0.11996373621952983
201540013,RRab,0.740287,5.273815288956013,15.056981263869009,0.6192171639658343
201700240,OTHPER,0.99379,0.9600223081149993,33.063750845493374,0.8927591784089886
201704541,EB,0.989999,29.945265826404107,17.723065796083777,0.4879408296236712
201671506,GDOR,0.8280489999999999,34.136080794616085,37.945584008915716,0.12779698397161215
201499998,OTHPER,0.996354,33.244038241354886,19.71048874073138,0.6631352370933767
201790080,EB,0.997081,33.19507155961227,35.929629581683116,0.3561710363853339
201330013,OTHPER,0.992539,10.275778742942489,35.53670919056713,0.11673443704639458
201656525,OTHPER,0.995386,10.7208680560044,37.5568324199274,0.11984874964899417
201603595,OTHPER,0.990969,9.961913222830646,0.6674802765553494,0.27719077885289745
201552030,EB,0.973491,32.13312692966486,18.085364069304724,0.6287612840236965
201890494,EA,0.923384,22.653275069730284,18.940475682055737,0.8445490748549076
201695625,EB,0.91199,31.77801054093155,19.304797073806668,0.8620364066240549
201565020,OTHPER,0.990826,39.325323083161415,32.638789174723385,0.33537170800872024
201904174,EB,0.913577,33.00515684715348,17.50091278025235,1.4831243583828448
201711578,OTHPER,0.992326,14.270535232957375,39.45942750982402,0.15937979192029744
201615127,OTHPER,0.99142,8.316704744147133,0.914514670167345,0.3080887120353922
201220442,OTHPER,0.990425,38.70952304481949,33.74136405773201,0.28880166140867397
201832116,GDOR,0.913095,4.989653632021166,33.791382922895565,0.23671616088586922
201185922,RRab,0.726632,11.602347727992525,18.272407881616214,2.579452764145327
201384087,OTHPER,0.992733,38.682806371073646,28.121877691334216,0.40000640877895416
201536956,RRab,0.619929,2.9188586457243275,18.727243401116063,0.13566267351880779
201615601,GDOR,0.974643,14.135400814772769,36.474876446371226,0.1331959719303559
201738755,OTHPER,0.990714,6.915877031689785,28.133729167170006,0.872209168570921
201716883,RRab,0.944782,2.7354060263904194,17.889353763482337,0.16979542583904378
201720674,OTHPER,0.992169,13.381081512247565,37.759589723608926,0.2172588910189922
201686483,OTHPER,0.994418,37.94121406137349,34.728942706241504,0.15938221508947847
201167905,OTHPER,0.992203,10.935219129151745,38.53579974388242,0.1440652812487735
205703649,EA,0.987787,20.157839037373158,16.069522746759063,1.7690751760773626
202851823,EB,0.983295,32.06733111783104,16.771709935384973,0.908519562930787
204185956,EA,0.938837,2.921604630145693,23.937340376587244,3.7475474233487147
202683805,OTHPER,0.996007,31.73133361843703,21.10100887299254,0.5691831760422934
203026255,DSCUT,0.931984,0.18045674812017864,36.88823613324485,0.07080702383393607
205405404,EB,0.999543,30.191434556147204,18.181322509447636,0.3960118100782388
203656237,DSCUT,0.981323,8.715271047387025,30.33291435252192,0.7537818217677273
205495245,RRab,0.99102,1.321518782828515,17.590973879307754,1.0488109828257812
203783195,EA,0.937446,6.088250785366351,25.69262131671056,1.0339025852001773
203724283,EA,0.708079,20.162170523384326,14.351912820752633,0.9754395457156819
205089975,DSCUT,0.990846,3.4076410287496164,34.008173842367825,0.16765612912405237
202643279,EB,0.911619,23.272769424942187,19.908815129220866,0.1672612822139661
204470067,EA,0.727722,18.949997884558528,2.1874940926852275,0.31629925599177805
202679718,EB,0.9384,32.909296474971676,18.512687815541593,0.5244774585001497
204105782,EA,0.703855,19.486703152726857,17.456748599678328,0.9152001129741576
204820375,OTHPER,0.993706,29.173566524920947,37.43738987457407,0.5595503565805732
203749720,EB,0.987508,33.23547174920944,17.46735555247282,0.7078470267573844
203463506,EB,0.997001,27.910519343895405,17.47441657554865,0.34802900448987895
203929178,EA,0.970936,12.342294939620768,35.07764142945172,0.49899464686562844
204780832,RRab,0.669004,3.510007510189319,18.451278548212635,0.8343753729572446
203542570,OTHPER,0.992749,37.168492602928815,17.541800402216445,2.020620868091476
202674012,EA,0.913231,20.465642848279362,15.894064845204838,0.808529026814072
203593664,GDOR,0.872841,4.054932205050117,36.76382391627945,0.1093411774328821
203692906,RRab,0.708593,0.9019505312850296,16.43073748558588,0.0882758437065602
204966750,GDOR,0.6854359999999999,27.462350591323535,39.58083561967341,0.5130597187582924
204199860,DSCUT,0.929482,17.226591928982874,31.523989658864252,1.208888633943522
205043428,GDOR,0.70257,35.00604741553454,31.231666098343695,0.5152698425358794
205123245,OTHPER,0.993322,13.323827819770477,37.49873580030105,0.20145026261642424
204951319,EA,0.783145,15.693468051390228,15.451813743497533,0.6944811653930416
205558024,RRab,0.630272,3.90925883504888,14.881588756518857,0.09244555836991022
202844711,EA,0.987249,19.77516093286806,17.070491422431427,0.8660113696168508
203942067,EA,0.997095,22.302841384849568,18.969380296488385,1.2691221163167379
204778376,RRab,0.771544,2.9736109365183405,19.7535781473083,0.5765216859648894
204236712,EA,0.825982,20.852808616808396,15.935619140558103,0.7627332117298189
203596245,RRab,0.978497,1.7916425803714089,17.86578956849312,0.22922049115342435
202872758,OTHPER,0.993287,12.912393479813113,37.56652998149221,0.4065148402721117
203011840,EA,0.792912,19.9383842390031,14.558570032087541,0.8166301233970465
204576757,EA,0.989592,20.63863591743189,16.40409935040944,0.744276471552819
204556512,GDOR,0.898408,16.747505030851645,37.11438531064822,1.2975497575798145
202963882,EB,0.931543,28.212152310331728,18.14213273965851,0.9556459306914493
203911955,EA,0.956625,12.831989271933363,17.5982288922855,1.0008058810073512
205463986,EA,0.963051,19.050058625787127,13.73926301985837,0.2996462146175301
203636784,EA,0.916226,20.199719807680218,17.997523331253575,0.5639333792404243
203907133,DSCUT,0.893193,16.222638229976287,37.5092292909629,0.6223446010922318
203031097,GDOR,0.925913,34.06902312858208,19.21172121185342,1.7237487175473953
205131464,EB,0.991323,22.728358653584607,21.71016486421709,0.6658923615766033
204181806,DSCUT,0.980823,17.869020823879996,13.094447913185924,3.645179497202652
204171214,EA,0.75017,1.5226372035675653,20.208939179041995,11.669117519569728
204903894,RRab,0.661624,3.9692228407337704,18.414950953007942,0.48602309463932336
203538499,OTHPER,0.991944,30.993450838895868,24.95796384273107,1.2261868606215685
205060983,EB,0.952993,31.628063113381597,16.912165107820012,0.6111435651344286
204604359,RRab,0.727238,3.8257209548181335,16.977296769887374,0.6256592065028057
205054021,DSCUT,0.968461,38.22853442710639,29.09046758252129,0.6732750853094989
205670640,RRab,0.6565380000000001,6.9806931971947455,15.304182599416887,0.20494073973970203
202619356,OTHPER,0.990511,36.38995520818143,33.51789269142172,0.16007051448012288
203656002,EA,0.792024,12.73959830543627,27.15506949260233,3.9157248013519785
205062129,EB,0.998749,30.470320074648285,18.036478023506465,0.27559706118418925
204965815,GDOR,0.77878,4.453493460746732,35.98598812637118,0.2243294035481929
203361171,EA,0.999881,20.611880547261578,15.82720914465394,1.1548823630353982
202688980,EA,0.7872520000000001,21.508455559287807,13.20899629610035,0.36822951353950484
205050711,EA,0.919051,20.777690177455202,15.2743953945292,1.4191432932588062
204994280,RRab,0.6514,19.037167264068565,35.07563529524287,1.364114656546934
204059927,EA,0.8324870000000001,18.92977104385438,15.063201533491679,0.433385042887964
205040035,DSCUT,0.956318,10.80217340419667,6.476191710518595,0.518635487093899
203728604,EA,0.888892,19.725098236789538,15.597531994541121,0.7522659971483637
203485624,EB,0.989262,27.999051185929957,20.128799906336454,0.8281236506415638
203596258,RRab,0.974756,4.489984091373041,17.28017171412646,0.63094164666806
205684710,RRab,0.8406049999999999,3.6906798441641913,16.828235197488898,0.3120241306874363
204925198,OTHPER,0.99013,35.1809873217566,19.615970709678873,1.401109592110908
205114328,RRab,0.648088,3.307004185690048,17.56314747229012,0.7237643586929018
204320514,OTHPER,0.991632,19.49548895751619,37.24275058446817,2.7887333710650566
203294831,EA,0.938712,19.1922546975479,29.085613248933807,3.423856407221633
205625849,RRab,0.984614,3.829670583489005,19.5058403475567,0.8019178280934884
204183656,EA,0.8339139999999999,2.106557254721174,21.49512743450566,11.52457911339264
204748201,EA,0.997102,19.97708801471977,16.45115434868846,0.6378957886479364
205554809,EA,0.977033,18.094830635867286,19.946703084856548,0.25193281104435716
204959709,EA,0.8591049999999999,18.054581890570457,31.39152635835445,3.2085075223187953
204676803,EA,0.935773,20.978685167189397,16.76563913134547,0.5076758759463185
205020466,EA,0.8626469999999999,20.99854949967045,16.112366813370517,0.5389023337761834
204212045,OTHPER,0.992346,5.103288127137508,35.2239698433451,0.17812116303112938
203868608,EA,0.833369,17.852626374664712,15.377546461903805,0.8161579877119356
205485891,EA,0.702343,20.34786460024013,15.596626372160204,1.0790854164429997
204574155,DSCUT,0.940292,10.444106323081346,1.0160832946130243,0.163169975736497
204933419,RRab,0.603196,7.591005827071754,14.435963335108871,0.6953935347254598
204938521,GDOR,0.958563,1.6147555582902928,32.41533338512783,0.40389406799134925
205670261,DSCUT,0.935804,11.680527522494517,4.596781624661179,0.6840785895648623
204760247,EA,0.719164,15.386140877224713,18.972886437816367,2.323067600123353
203610780,EA,0.934855,22.36012178851324,15.005512647955545,0.7257840188121889
205112883,GDOR,0.706979,35.88419858092409,32.729918088938504,0.3601408183713009
205057908,OTHPER,0.994175,10.267902691042492,36.95247341131384,0.21630073922367177
204353555,EB,0.959429,27.121833570719012,19.65930864206415,0.26690457425096764
202863081,DSCUT,0.954686,18.973879191333484,33.42054407783195,1.2888564639551197
204376704,DSCUT,0.938141,36.87559779609164,3.5486378313499713,0.7006397340592915
203824391,OTHPER,0.990651,39.163695061147585,27.597987819339664,0.999888735590625
205149790,EB,0.989183,32.76377752339844,19.33949336099917,0.4469670075153971
204091956,RRab,0.601612,6.230722848349302,13.412374785819592,0.36774521319328857
204673472,DSCUT,0.910236,37.46702328315884,35.70813838180754,0.17169872936538377
203579600,GDOR,0.904415,8.169067879299604,34.15952784193769,0.42900570891804995
204817435,GDOR,0.745212,2.4886957251942086,36.7199774294947,0.17474399987556286
204225046,EB,0.935659,7.3482682008097795,39.946406895525264,0.19230775425243535
204558724,EB,0.924029,32.59440173401065,18.210425613077597,0.4079187444701189
202929357,DSCUT,0.990444,16.611030106857616,39.370798546372235,0.26207189164702893
203606075,OTHPER,0.99178,39.1868919609549,2.59423652788591,0.32294862832104043
202652559,GDOR,0.697742,34.160859669192355,26.910130298377425,0.7516227826927278
204649811,EA,0.714168,18.164512484831647,15.032173819761155,0.5557463758319727
202843085,EA,0.94648,19.987180614798444,15.676216576279185,1.8672168284220403
202984824,OTHPER,0.992792,37.40036707110972,36.60249528326174,0.11254086688826617
204815607,RRab,0.66815,1.5306500611993439,15.077424374045913,1.1418069068607013
203902287,OTHPER,0.990878,38.04866238867024,37.32128854632968,0.30377746039112297
203829123,GDOR,0.783407,0.7227714717938575,32.7443472809463,0.2776724461415963
205557744,EB,0.989754,27.434621453470665,18.716318615932735,1.1800292981240053
204234138,EA,0.7027909999999999,11.753249402374438,18.837160126417494,1.7379512752163135
204561424,EB,0.968789,22.018573629275334,18.98478842481464,0.5466879886153505
204090458,DSCUT,0.95744,12.26115106364798,25.216513046825256,1.3706395761507184
205432585,DSCUT,0.930906,16.214292676143433,38.57544344702661,0.9643641750989956
205019541,EA,0.718517,18.880885128569847,32.2966597287227,2.6720065222397236
203710621,DSCUT,0.924444,37.53158623007859,33.041897606183284,0.5192563729233137
205510377,GDOR,0.760519,36.992284822870445,32.17395298977766,0.34956658051891165
204819511,OTHPER,0.993285,36.335631766758596,27.79781837197906,1.093757460065681
204876991,RRab,0.688756,2.518543294396257,18.429533957797428,0.4942823181713802
204073447,EA,0.992644,19.532203201713283,17.36605711723083,0.5718486423677904
204600767,DSCUT,0.993473,38.39050560808942,39.39328579087601,0.10708328666031149
202774129,EB,0.938969,32.492296870822216,17.357461770230096,0.6554139406982546
204405530,OTHPER,0.991716,35.48584300982425,30.42870525431027,0.5717649412925871
204629934,OTHPER,0.991779,26.666092684662893,0.39778792715591194,0.6623414163541496
204138967,EB,0.922392,33.74583151769224,18.272797551229765,0.8534604036443924
204561871,EB,0.969129,22.221445397619036,15.709725606451222,0.7075221498667366
205275157,GDOR,0.774338,36.18736727365887,18.31372762625553,2.057355912811462
203764177,EA,0.8737959999999999,30.43502757051848,15.302230982774297,2.0019294642757006
204907195,EB,0.997422,31.99184253507534,16.957982527280524,0.6318546467006456
205007882,RRab,0.703749,1.7094735744553156,16.666985186748388,0.1417081569624652
203637372,OTHPER,0.997261,14.0108324087215,37.94600605100734,0.21441361002078746
202554180,DSCUT,0.990963,39.65878519371347,0.059790241561626344,0.2522532631551837
204494002,OTHPER,0.991051,20.21935153884909,35.6579511102495,0.5966942618422386
205152526,RRab,0.823557,39.732777799208925,23.54985541965196,2.576267606579764
205694298,OTHPER,0.994952,9.500473214585917,39.747302776703826,0.1654969136918423
205247045,GDOR,0.817459,4.549691216946573,32.95550131792738,0.2820682661157694
205388726,DSCUT,0.895582,33.05422718154616,38.50802896846401,0.43880226155914304
203075848,GDOR,0.688135,5.594352030917762,37.36663577426423,0.0806788902199374
203630276,RRab,0.730222,7.153023433406741,16.820042037036686,0.22706438985722827
205136799,DSCUT,0.915948,8.968291079467637,26.919414367254635,1.1355245488585213
205527197,EB,0.970525,32.55517843202486,19.114951134495367,0.5575400023604655
204807478,OTHPER,0.990174,37.276405957010645,31.272861584653178,0.37469787937446364
205363642,GDOR,0.786483,14.253962328845406,37.481558745198235,0.45706583746829715
203531786,DSCUT,0.891907,13.16788130304833,0.9079973430928806,0.11283739794975739
203162555,DSCUT,0.948943,3.6538940550877324,35.02966102036622,0.2272674268498351
204115101,RRab,0.811253,2.790535688758261,17.60462430384956,0.27531216362445016
204491082,OTHPER,0.990111,20.556186266204257,37.986753687294,0.5107525354330533
204880394,RRab,0.963592,2.56703170163837,17.000619845456274,1.421822445705609
205225132,DSCUT,0.992797,14.082770454351076,35.01471640875998,0.24898367223845863
203185007,OTHPER,0.992631,39.379715796805904,24.558903836427515,6.221118144482323
203127694,GDOR,0.802671,39.304823795384465,33.861267529281356,0.4329088029673675
204275121,EB,0.974344,23.49674435662265,16.703523475987172,1.374015119405307
203654939,OTHPER,0.990181,15.770914886401874,36.77328673134362,0.781242171377786
202518676,DSCUT,0.982149,11.325606947908032,0.26273990742403563,0.11191668779050096
205084928,OTHPER,0.991006,17.308593147967088,17.144030585859888,0.3109125298380149
205170307,EA,0.992091,18.023051454454396,15.518338495671976,0.7287432922294028
205278742,DSCUT,0.957111,7.6449718762945436,2.06330272398736,0.10930155396072905
204183093,EA,0.9175,2.478714375026146,21.668260398857022,9.862356089283853
205613964,RRab,0.740337,5.179856347771577,15.325537681061792,0.4867725291778856
204771848,OTHPER,0.990166,12.304142941200274,18.163176711689587,3.120689814280318
205602688,OTHPER,0.991446,31.719585954373283,37.84177789496729,0.34974058341976283
205042193,OTHPER,0.992229,9.752687826952123,36.07535033475,0.19508867055611834
205164324,RRab,0.652452,2.35774615636374,19.01773462129547,0.4165748300910493
204894780,RRab,0.627312,5.681032906431699,15.411104643985666,0.34969114588784345
203908645,EA,0.822617,4.650172729294641,25.37882858978435,9.079588171017571
205075874,GDOR,0.959032,29.96008292343942,3.956961029567303,1.4114718447121892
203466879,EA,0.7439600000000001,22.32425107426089,16.284085865018284,0.19561340835876473
203396402,EB,0.901315,10.341772798721552,34.66391233950252,0.16379617437145413
203486145,GDOR,0.8510979999999999,15.181378061335014,11.963476542851964,2.712468634884999
204299478,GDOR,0.90368,0.08702746730376276,32.61717478116729,0.19299657750631152
205728169,EB,0.968823,22.573424048895802,20.006871789866047,0.5942462941432214
205546169,EA,0.951775,20.64324299820645,16.771082574448855,0.8014021775400524
204904480,RRab,0.646702,4.695158443499138,16.67414325447287,0.3118323834176068
202773276,DSCUT,0.960321,13.083212310010161,35.798901988823665,0.32001640256157016
202968864,EB,0.951079,30.210066852558263,18.075483312269775,0.570896575750471
205676611,RRab,0.645416,3.4466322829547935,17.40769604326955,0.08733020758737522
202911789,DSCUT,0.969483,12.426101213288831,36.57935419736594,0.22663023215031144
203819998,OTHPER,0.992792,34.089447901440764,22.129525260290755,1.8080696173287925
203372915,RRab,0.7796850000000001,4.066555134108514,17.89460318828565,0.16877730507294839
203878683,EA,0.992566,20.93249996560816,17.024916742540185,0.7233677742895721
204979833,RRab,0.725539,3.2795020988434183,19.44434633919091,0.2585565299103312
202665304,OTHPER,0.990576,8.813894508961411,34.54685660481151,0.1363470205803492
205565079,DSCUT,0.966152,30.348778483147587,38.28579146487362,0.551351543373137
204312847,EA,0.97897,20.84374449708816,15.766968268570878,0.8834821167535127
204154300,DSCUT,0.907716,3.674877328537467,39.75970493992151,0.0948498477362002
203707855,GDOR,0.85765,30.451128714438674,33.77839040511803,0.4535347921021374
205168996,DSCUT,0.988333,12.069252709401084,37.53170520961942,0.20883637322215592
204558226,DSCUT,0.94808,18.731949827196285,15.204031484725729,3.490162652649238
205170167,DSCUT,0.914655,19.526009185693095,15.765923122368925,5.218173459068256
206049222,EB,0.948119,25.988752306983965,18.78078247398898,0.6158326669987351
206038483,EA,0.623023,20.104528778464186,13.637487703345233,0.6552150787983734
206045448,EB,0.96899,31.383581947607993,17.199853161655803,1.1296023477646397
205945953,EB,0.997281,28.285410233105154,18.12408048108645,0.8575891130306359
206134477,EB,0.8907700000000001,20.683913843899663,16.745494295754835,1.1464057202315094
206348448,RRab,0.945751,3.5599484213039396,16.92886435839425,0.7520311049167383
206226502,DSCUT,0.957808,8.005627283162807,39.86814574065489,0.09213646022873379
206212261,EA,0.990338,19.907582771979055,16.425158358531945,1.026214381627271
206422648,DSCUT,0.8252360000000001,18.685950746810335,31.23529981562342,1.8201548717801022
205936222,EA,0.97886,20.893524226135927,17.16986606060375,1.222498634679109
206105536,RRab,0.625926,4.226742126564092,16.620874145658057,0.43503219275294136
206046073,RRab,0.903031,2.777084709875701,17.37989324059618,0.7219109594407651
206173295,GDOR,0.81087,38.80127307389647,34.23367553121349,0.15202546870939346
206325176,DSCUT,0.996329,13.298732047911635,38.331356322370105,0.20130188742877228
205910324,EB,0.860699,28.82285118095037,2.673665298113316,1.1853594048432003
206356447,GDOR,0.670437,17.669970159252955,33.60831931161539,4.093463070065467
205988265,RRab,0.800399,3.2860928408768144,16.849123106779764,0.7173415876575091
206333750,RRab,0.940479,2.5393493757739023,15.995681892212215,1.4148985190202705
206126731,RRab,0.69596,3.583632426778741,17.56913807136565,0.36886451107537976
206218768,RRab,0.617,6.586147414959589,17.002733462794932,0.3079551879979072
206353974,GDOR,0.94528,8.825205908208755,31.198639003625072,0.4075666458585962
205969073,RRab,0.922717,4.7925571350485034,18.43074821827398,0.49965529839660583
205988562,EB,0.998158,26.1581829209013,20.097683721621284,0.7255601738201538
206045146,EB,0.957067,28.783940793792425,21.859194677545865,0.43578235762651024
206249670,RRab,0.805197,2.955070763613885,17.109716268569183,0.22733001123539703
206409426,RRab,0.8351879999999999,1.9345196822579604,18.510065988855253,0.30700886119675563
206000965,RRab,0.6222979999999999,3.739948446001508,18.365713163733542,0.1742923478864834
206164678,DSCUT,0.836382,4.6098187236483685,39.64974436024358,0.15658393901860693
206149993,RRab,0.948399,2.823874878116093,17.346788136587,1.4098479947127847
206132092,DSCUT,0.8349489999999999,11.447965869157978,23.02734952822656,1.573888115180269
206189858,DSCUT,0.943021,8.167230492444062,1.8604952063205082,0.15196608867915315
206034019,EA,0.8638450000000001,11.724068104628396,8.359730444329445,1.6980852296032554
206067723,EB,0.991418,22.822725395542587,18.078071547518682,0.716476231772792
206139574,EB,0.970073,23.14987431758397,19.423592529947033,0.43061511460993074
205994924,DSCUT,0.993478,2.6641971574160555,39.133659473360936,0.0884597712501475
206382584,GDOR,0.779854,38.67986015737147,37.88532658126925,0.08193578707720117
206496528,RRab,0.909743,3.0900226090369594,17.826256455508798,0.4306582654911435
206458594,GDOR,0.615805,1.5587898525700405,24.29329111616078,2.340453564229922
206425155,RRab,0.817294,2.1565079639803058,25.314028223858436,2.586441345238439
206268154,EB,0.987708,22.859572288022658,17.193506486015686,0.6367366673500916
206051563,GDOR,0.951274,16.365351249957524,37.59594039936243,0.31210539861369935
206131351,RRab,0.643331,3.102368935177377,17.49839311054764,0.21528892303133246
206169907,RRab,0.656472,5.415189338287755,14.478317163433948,0.45955243232423904
206056155,DSCUT,0.927104,37.902083940730336,34.52973670206446,0.29773020209068946
206397568,RRab,0.630833,0.9226545817356817,25.37353855575659,2.7937720764542355
206278951,RRab,0.806545,1.809591436098199,26.25676016528871,2.3172571308747534
205992585,EA,0.790153,19.5449493084653,6.362243251614861,1.817757065304449
206085353,DSCUT,0.915949,5.0050027786968565,37.347377224728135,0.056779636885487664
206075677,EA,0.936984,16.789193073051404,15.427033305643853,1.0876168079439723
206512511,RRab,0.956786,3.357333848724429,19.5445156117726,0.5445546406278493
206294591,GDOR,0.572113,26.420423452191915,1.3359422784215829,0.5780969523077524
206192022,OTHPER,0.990823,14.063113938182013,3.7043334972517643,0.3127884490321399
206091799,EB,0.926071,32.260679212938136,17.958923820286355,0.7121120775385952
206139498,DSCUT,0.821556,38.09463996834013,31.84228641135904,0.20606243515302652
205905693,RRab,0.840791,2.5888375450252408,18.052898069380614,0.6802067339572777
206033974,GDOR,0.942865,3.3087554083958874,36.75489720340029,0.15467992783202933
205964285,EB,0.926993,32.98961662452181,19.495218290494734,1.0263483376501845
205941274,RRab,0.960074,2.324776910573668,17.127757802918637,0.7021093338980116
206044837,RRab,0.659976,3.222782715896114,17.74818998183726,0.19902536740039334
206199823,RRab,0.6681600000000001,1.6050610860960908,21.114945247614823,1.8601278260525307
206523329,RRab,0.555934,0.9199287017774864,18.200849238047944,0.11519230282663023
206161767,EB,0.900982,32.15465910205549,16.67052195519359,0.4338132674141023
206449008,DSCUT,0.968863,13.3505957014605,32.25772840184641,0.9295118442795663
206185368,RRab,0.8354969999999999,4.094135532378223,18.120394667464176,0.3449331096295408
206281827,GDOR,0.654208,10.442905907897444,18.99608187034592,1.9287356188866789
205982900,EA,0.8959020000000001,21.124186798078075,15.868176738459178,1.3127187428360862
205978617,EB,0.99713,32.39237212753639,17.981814143775885,0.3455836975528653
206314138,EB,0.887661,25.02504548538017,19.128318483982,0.11083640994279514
206172684,EB,0.99111,32.2403103739474,19.10892572979137,0.8641336391760273
205943009,GDOR,0.764178,1.8783065480126442,37.27426649681618,0.07650107755653712
205977366,RRab,0.953593,3.866819661243603,17.65390055289347,0.38945467125494393
205934378,GDOR,0.7185729999999999,4.916494567761794,38.52774801775735,0.06605986818253498
206216934,EB,0.962112,32.992094735179755,16.36120942865126,0.7420599975382913
206046748,EB,0.987936,32.67976152624268,17.6970608584503,0.7187267609216813
206522979,RRab,0.5613640000000001,6.273512703258229,15.427487729973087,0.16301404753591137
206044766,GDOR,0.565421,12.701980626040237,25.294813138900977,0.6573325527344919
206145148,DSCUT,0.98364,11.791492701349158,0.8121729033804796,0.21462155202426692
206061710,GDOR,0.577611,4.173540145382886,38.00826943259384,0.13272390997235378
206053592,RRab,0.946653,2.7980415819956472,18.191292497369066,1.3620604617675403
206166251,RRab,0.623682,4.428321199168841,23.179829771836516,6.162593903204902
206288771,RRab,0.6681050000000001,5.938502556530484,20.952941666046843,0.21049174139081245
206135075,EA,0.8021119999999999,21.435272708109544,18.049823243181123,1.0272841344725254
206331021,DSCUT,0.969577,12.623369539606765,5.076220736217487,0.3633923606779059
206068091,OTHPER,0.990628,39.1704258661764,30.577324444293165,0.35488803082198905
206489474,EA,0.956672,20.625380010077347,16.14544626927395,0.5809382582172307
206352638,GDOR,0.664606,17.831890708287677,30.499174008869566,1.7242664739465285
206123963,RRab,0.640003,2.068585428945845,17.474704508585972,1.3348110202756673
205955110,RRab,0.540354,1.064736904126904,19.84198539224977,0.15646670790505396
206308660,EB,0.997477,32.28004465921712,19.0748650183982,0.7400316393421124
206242361,RRab,0.640545,3.5669920410369254,18.60838970330065,0.3577170611000098
206260730,EB,0.979409,23.125129497743202,14.1919178145431,0.5919697360023957
206032188,DSCUT,0.825159,1.3253768718729615,31.915472206043606,0.24980190061660426
206478801,RRab,0.609961,5.003980089096562,19.46169474216501,0.1023206924164522
206546449,RRab,0.879338,2.3256118132652537,18.173282402817634,0.9168082502480068
206293115,OTHPER,0.988119,19.32914275883502,36.64835797776453,0.562162358638201
206125901,RRab,0.544461,3.6297829421660053,17.70441415053002,0.09667275451050969
206066909,EA,0.999728,19.579913066122526,17.11883381457679,1.0629066759423271
205978103,EB,0.97412,24.25231183942148,19.13920571085909,1.2627135156745968
206322829,DSCUT,0.996728,12.432525579803503,2.4953735571579037,0.3954730726920942
206084435,EA,0.980234,20.447472006305322,16.343786810817598,0.957168460498253
206273572,GDOR,0.589929,2.4321223535730185,37.80879111316792,0.08170203688354052
205997245,GDOR,0.691234,19.418676444218693,9.13153593627724,0.9544690025517193
206253908,EA,0.815593,19.812533980211715,17.60082132702824,1.149281962447375
205985700,RRab,0.578843,3.1321711851892666,16.198201953534944,0.11143608088251675
205985225,RRab,0.5503439999999999,4.273116809984762,17.263425240539434,0.12079570227713406
206532093,EB,0.891426,22.073181196663455,18.19871656933993,0.7171710882049033
206398985,RRab,0.696954,3.741325187215536,19.396709388255882,0.346192134407603
206031528,GDOR,0.757213,11.815003782526443,37.02059483331186,0.19614763996855317
206511754,EB,0.99627,29.782365738628442,17.97865560998508,0.8425987448034706
206143954,RRab,0.937315,2.851680375026673,18.643994192900312,0.4736419914061684
206492383,EB,0.999126,28.892683295199515,18.688721015053765,0.3861515942907544
206482854,EB,0.948611,33.51290203440676,18.48750317632704,1.1064164676631711
206289014,DSCUT,0.905707,37.78016004351234,2.2860998640148398,0.2370918657110948
206300006,RRab,0.922873,2.5912718899566394,17.91428738349441,0.5217299751979187
206213997,RRab,0.506654,10.958811129370677,25.760133024306885,3.681912974200622
205929651,GDOR,0.5888479999999999,13.075906568389794,37.89111229567714,0.24302694819325588
206433263,EA,0.888099,20.124256408804143,17.15821687592142,0.9416049282539617
205954517,GDOR,0.908185,10.302260088722473,37.084337290418745,0.0971491612440278
206241558,EA,0.998184,19.060888279413394,15.256650147313536,0.9427796940862578
206416069,EB,0.914537,27.84197388542042,1.4759406553383667,0.5358679922146705
206457216,GDOR,0.620898,27.091449492391686,3.341825802098392,0.5992983751160148
205947774,GDOR,0.580958,8.418758732511183,24.86849096073131,1.8811243067777639
206109641,EA,0.770269,21.664320718269547,16.401745202798956,0.5725311880442175
206187484,EA,0.71916,21.02604679988726,15.580032037976203,0.4646600267721807
206378945,EB,0.981138,32.450105760041836,17.821746517694837,0.29344661422736695
206321136,GDOR,0.7577699999999999,8.431393833842183,33.88560489219123,0.8882324419705127
206218857,RRab,0.704872,2.3127013567199475,14.901871248303559,0.4940818311838111
206025663,EB,0.992126,32.04767948308239,16.135654596300128,0.7339448095176104
206252759,EA,0.631881,14.29802439577071,16.163736779801532,1.8694348223938286
206175324,RRab,0.729086,4.031467517777302,26.53685372604728,3.3145124280832916
206144794,RRab,0.8739889999999999,1.503291137462926,18.5659578413814,0.45460761481047296
206288770,EA,0.999492,18.233463188003388,16.091466609608638,0.8499498434889448
206038285,EB,0.941225,14.268936079770441,21.424737239524358,0.5414180638450903
206017313,EB,0.896784,31.64606746653545,19.46541741877345,0.4634038483997766
206007379,RRab,0.566688,5.5487082743535865,15.035345813226293,0.4247840227107884
205997818,EB,0.916496,31.430274896364377,17.383364180923575,0.7739328937238441
205934569,EB,0.998682,25.307745072340644,18.342743034179094,0.5239746332351876
206058387,EB,0.985412,32.363564978818864,18.152749851725783,0.5422114178840355
206079165,DSCUT,0.894057,32.091740003117174,19.442922842239287,0.5055559721825167
206001619,EB,0.990363,30.89844172378802,18.588135946555656,0.5280422013199032
206087590,RRab,0.587375,3.820717034225293,19.850876020572915,0.19517255036186937
206366683,EA,0.784171,32.22273357432864,3.614555686376575,1.236270515396685
206256886,EA,0.765914,32.018692264652366,4.994144175496239,0.9375747007284304
206205407,DSCUT,0.976005,37.242960927189664,1.4873369116875526,0.48363740923192555
206280713,RRab,0.8733299999999999,4.242834966544526,18.30398118005485,1.5916521522528484
206314169,GDOR,0.948117,13.417657455493774,37.20653825487637,0.20615101344876846
206412289,EA,0.703666,28.71880031418945,15.54381692808451,2.286725900373133
205939315,EA,0.6415420000000001,12.232806719846234,25.67294739629982,2.027088661024958
205968100,EB,0.878785,30.236123791557137,14.306259582143921,1.0193708279574258
206130043,OTHPER,0.989177,5.147815098511272,39.38695956257713,0.14407074778432566
206382857,GDOR,0.7707109999999999,7.947408312152348,37.19355430581317,0.10246618323944551
206154246,OTHPER,0.992494,20.7032910600798,1.7862465833604873,0.6132586433090695
206074814,GDOR,0.873748,39.928173338344926,28.933568380225836,0.6365431328242921
205915657,RRab,0.570602,3.6818359412499517,16.246303006998478,0.35132852891911415
206424731,DSCUT,0.997561,3.5171915180475253,34.63000658229925,0.14424580695425232
206029243,RRab,0.621958,4.646458513863691,18.30626036437829,0.27310117914801124
206161344,OTHPER,0.98972,1.4699407954289148,32.343618185689266,0.36399141644936783
206386591,RRab,0.884159,5.280851453384596,16.27078715604664,0.4770367197506237
206186422,RRab,0.857309,2.4539470449676637,18.232599101223244,0.702701432516732
206260577,GDOR,0.855028,33.04705790454756,0.22777180263008745,0.1584449898521989
205997155,RRab,0.775792,2.283656515553048,17.466947946033578,0.4056181902153816
206300283,RRab,0.563299,2.609487819782914,18.652895190331233,0.14796868079207642
210821360,EA,0.637914,18.42656527803716,17.594841757221516,0.9180535211050407
211023010,DSCUT,0.8930739999999999,15.771938762019511,36.878032447940704,0.3415956773139852
211012043,RRab,0.507425,20.050512336101292,34.554948080542545,1.4116140559686308
211083721,DSCUT,0.981647,39.80243898262605,39.732617492166035,0.20816828710742558
211033155,EB,0.948769,7.433056936927685,38.39536075803161,0.15611098859415978
210744182,EB,0.997249,31.35622763383857,15.60874748309005,0.7029572248962401
210498388,DSCUT,0.956555,7.531911273421796,39.536949506480994,0.13836383950523753
210375290,EA,0.962468,21.14309937947251,18.328918550832316,0.8194200004228696
211114628,DSCUT,0.8246680000000001,34.468731567139194,1.2392771191430096,0.4720330248307979
210345648,RRab,0.594694,2.7878925575662015,15.99393637638003,0.23317964538153324
210574742,OTHPER,0.992845,27.454416594713468,0.8076968570011429,0.6336404040458549
211070599,GDOR,0.761905,34.143627738799665,38.021659570174904,0.14984681277913392
210822691,EA,0.998945,19.904009384644066,15.5696467523159,1.1119179355302018
210912231,EB,0.973362,33.08127618003344,16.312829439330113,0.748885496315085
210598340,EA,0.867609,20.10400675286193,16.674583179896317,0.40537972639553804
210491056,GDOR,0.780225,9.308449003818597,0.16744637728181289,0.1860755917094038
211135076,GDOR,0.640843,1.1497831163458268,38.24853605235172,0.13472451948882905
210876158,EB,0.997798,27.41448011114729,24.68360188625212,0.6173404251740451
210747473,DSCUT,0.959943,7.008231160642935,36.95133763932204,0.109357508152993
211143504,EB,0.8633860000000001,25.138310248161964,1.449255394382749,0.879912826049981
210734262,EA,0.894367,19.7541922350423,17.125868475595514,0.9273623146778054
211022330,DSCUT,0.961587,36.17309454570925,31.783001121624626,0.3683472833927351
211061230,EA,0.8491280000000001,14.387598418436525,6.886420010233442,1.4708670960859718
210738578,OTHPER,0.988178,39.345008120021426,32.43820968253779,0.30391836044205717
211106350,GDOR,0.60955,5.324033409034801,39.24119471703125,0.23702321928692782
211071453,GDOR,0.5722149999999999,9.850781837887675,35.51755789841424,0.3052729332496277
211114864,DSCUT,0.969534,4.244222219111945,37.124287791848474,0.13197340087069553
210760314,EA,0.883266,24.108403291894263,20.485148753953304,0.34595768720359277
210390571,DSCUT,0.93295,10.924203756199194,36.650098546677576,0.21015895773523358
210538996,EB,0.932679,32.59579853041633,18.413992153760628,0.47788380316802087
210657179,EB,0.873609,31.425906944386664,19.01856304488537,0.9996287561996733
210454384,RRab,0.713,3.9623249044428417,16.531084764304037,0.15825212482547263
211079486,GDOR,0.907813,17.34498048956763,36.29015019200608,2.0273595547586547
210916718,OTHPER,0.992996,31.352464697634133,26.11881448292521,1.284033442296572
210986506,DSCUT,0.904192,35.125689082064326,4.298396960354646,0.7487811196442067
210437334,RRab,0.5254310000000001,1.6382271802561916,23.46008675266924,6.923685142537524
210666536,GDOR,0.595942,17.951382691287282,36.51706576186924,0.22781376111710733
210969800,GDOR,0.7838189999999999,20.95257288868591,36.53712749488287,0.6236307187288503
210308588,EA,0.693717,12.730103685102067,29.7098953438649,1.6725570270039878
210729707,RRab,0.940141,1.4462345810072141,18.15898325657965,0.09767516828695809
211161825,GDOR,0.7264970000000001,19.34001700608252,34.60082904421388,1.0576254811032526
211090558,EA,0.626832,20.62591794665292,15.77465524155291,1.3990996150634765
211096747,EA,0.6965140000000001,16.90638919805664,35.401103652060094,1.291911574933314
210998801,GDOR,0.639941,3.0511470762227355,37.187189626797746,0.058310197035129886
210992939,DSCUT,0.939173,12.51137991470873,34.38777246610254,0.43783497335950433
211020068,GDOR,0.737632,7.40506514817906,37.673676630878774,0.22625309985650008
210581202,EA,0.994043,19.045646971511744,15.812085238347528,0.6333394653762254
210644048,RRab,0.512684,11.898358506852,27.305782328833345,2.615014342306255
210936710,GDOR,0.703076,29.609858750953606,39.81242123187963,0.5683291971563811
210839363,RRab,0.89189,2.051617983857524,27.89759082045559,2.686879719266149
210786891,EB,0.944364,20.60604530513968,18.599093887435696,0.4865332712647421
210598493,OTHPER,0.991476,39.84231346370688,27.887239136879355,1.0070288419955817
210426551,EB,0.98043,32.61276723681584,18.561011957391365,1.3411325634664988
211059325,GDOR,0.628991,32.61203188796079,27.18676619667143,0.7382695748323836
210806505,DSCUT,0.955059,8.471995876398863,0.8916229737772662,0.14616503531108901
210857749,EA,0.947115,18.654936584796044,15.573178249168098,0.5826256842943771
210530626,DSCUT,0.987233,5.861952891996522,3.4406205040952558,0.3992787585735179
210857465,DSCUT,0.960733,11.229969331034251,38.76895070546575,0.12487923928046397
210553798,GDOR,0.929072,13.321345866305652,34.73064816423839,0.17147759091599285
210343581,RRab,0.976407,3.714446357928669,18.31922467431294,0.18989576717013656
211096084,EB,0.875553,30.50363705412193,18.942867481020954,0.7043651827510395
210545189,OTHPER,0.990995,10.168800570583086,39.46853261514052,0.2337767241563643
210405012,DSCUT,0.946889,1.6922632522260734,34.42195714118367,0.18726822857038428
210467408,EB,0.949285,20.128508097078992,17.757744637344146,0.8733012991655824
210734643,EB,0.932261,31.345369427808116,19.032213174923847,0.4882995649699603
210574135,EB,0.990465,23.81023127742319,18.016154379261515,0.7568156709067815
211071185,OTHPER,0.992177,35.90598754405639,37.87608417440136,0.14733315429562654
210460860,GDOR,0.92297,9.714021410200019,37.567865784827774,0.12190022528592831
211069456,GDOR,0.905027,6.299065485419831,34.583539587312856,0.15326308010185935
210457607,RRab,0.705457,6.252166485567514,14.267983557497706,0.5132469132766447
210950113,GDOR,0.821808,3.6546175206421134,36.47223792151877,0.05826968350603526
210766395,DSCUT,0.939195,13.992634850055948,39.00862118592513,0.26410613550504375
210943662,DSCUT,0.882418,0.2806182553428339,32.7720500789873,0.14780994774877176
210649999,DSCUT,0.964977,2.6781773849101866,26.70138870977825,0.6757420610262936
210917200,DSCUT,0.938238,6.330120146963857,31.16491621974059,0.6437682720004438
210754756,GDOR,0.913712,21.847615928034873,25.10129548564941,2.5597743462737514
210863062,EB,0.976138,22.963415646339158,22.69956180601474,0.47001766254091
210893458,GDOR,0.767197,10.758458483342501,38.053272115431,0.1222260954976863
210830646,RRab,0.94409,2.3573037715474503,19.238742625522374,1.1243316076400438
211112685,GDOR,0.579802,13.592956075221455,2.6359923345733662,0.36597685287414106
210596591,GDOR,0.779961,18.517294701931792,35.398085390728106,0.9606436555101168
211062526,DSCUT,0.8558479999999999,4.325468080773795,0.25403149590160723,0.12527773411741816
210512546,GDOR,0.742851,5.044274488988087,37.2210215636993,0.11677414837278258
210424124,GDOR,0.937908,0.13285098541579643,39.23048026319173,0.07322348278703442
210603371,OTHPER,0.988033,8.687857704908609,1.0946328750806789,0.19172674022144454
211018406,GDOR,0.603226,0.1996621947616321,35.40344264984667,0.11164051909481473
210577198,DSCUT,0.941549,15.386062302676038,0.8194305796276851,0.3264598893006722
211147528,DSCUT,0.824633,10.537953365237644,37.37016331993152,0.1973776045431836
210389383,EA,0.810441,19.185687018146748,15.435383130187468,0.9070602063148276
210668314,EA,0.958661,19.526595332495567,16.584833701081173,1.2048285248601949
210845303,DSCUT,0.965365,37.86831664666184,34.3390329904584,0.18779205377807545
210437575,DSCUT,0.990004,5.078283071927342,1.4023569606677626,0.17108778313210413
210651217,DSCUT,0.986686,11.14380527161531,37.48190822185709,0.15661880205393225
211150917,DSCUT,0.84231,16.497139786753984,36.31851628957465,1.3477368738584548
210596089,DSCUT,0.989077,9.753400834571043,3.2729806182264656,0.24253197211880057
211098990,GDOR,0.961776,6.994427265815214,39.709211199904566,0.10820374566703489
210480960,GDOR,0.9493,39.20803383632147,37.332374935653995,0.11288223080085713
210530173,EA,0.935809,18.6504233485475,16.640091754666404,0.7951402872426625
210370729,EB,0.996849,26.304510048407067,16.72847562670639,0.3349164500491945
210391114,EA,0.8865559999999999,18.52285681719354,12.27711592910243,2.1575656740542137
210794158,GDOR,0.5984010000000001,2.690142195439833,36.28702583543654,0.2609646673869725
211003672,OTHPER,0.989361,18.23592142257207,37.385044449236425,0.23388294964505663
210577546,EB,0.926561,33.045525798034056,20.079945603938825,0.282911773843585
210779706,EA,0.975015,21.84723584972373,16.773473740294868,0.8583489102771534
210529209,DSCUT,0.965069,34.74592378579135,34.256203341406824,0.1781655137538919
210954859,EB,0.989087,31.90075988044721,19.351718385190786,1.0912977920074582
210590280,DSCUT,0.861109,36.8743741187255,34.05584548717308,0.3035386896607525
210374056,DSCUT,0.840551,6.53743392936873,33.3684137568267,0.24888079908472635
211179336,EB,0.99492,3.142803072677831,39.90279865283698,0.1203209231988711
210948492,GDOR,0.562481,33.7090073423124,38.43857707705653,0.26170060529488914
210829783,DSCUT,0.908573,16.123662143289106,34.856344466544385,0.8341139794648899
211154046,EA,0.96241,20.778369551442005,15.818157800601387,1.0156101258708734
210733035,RRab,0.551992,3.4873228107111682,19.537726706530147,0.28651723552851915
211053882,DSCUT,0.883851,38.16198993684793,35.546156287697656,0.14122176469330902
210717694,DSCUT,0.94535,34.738807767939136,3.4010594310892994,0.5157700141676478
210658751,DSCUT,0.971016,38.800902370684945,35.036345367339656,0.12031890549938118
210769793,DSCUT,0.979503,6.481740016277094,38.03550332364715,0.08562343081074472
210728731,GDOR,0.582916,11.116384234720558,37.54683811197878,0.14027578688046943
210779666,GDOR,0.6853819999999999,5.6419975294196565,1.0016415915600736,0.07798877475663465
211129400,GDOR,0.700786,34.798068737115585,36.94859359849322,0.10531106647453334
210662654,RRab,0.70389,4.797826388016711,28.598503129878456,2.8552031230271853
210458713,OTHPER,0.988004,1.0166758282806376,35.908454571624546,0.07987754246927939
211064526,OTHPER,0.99211,0.95812358767733,33.28947278445569,0.9573224062602251
210568531,DSCUT,0.952427,8.062831635484336,38.707678321457486,0.18123820775529395
210494404,GDOR,0.932005,1.7642256955327449,36.25709401586532,0.10753152739147254
210390215,DSCUT,0.98472,6.228614227611904,2.4834982620689496,0.2610416245593775
210423938,OTHPER,0.992929,28.329146284349925,2.8249370767411204,0.6867129027339296
211086147,OTHPER,0.994567,15.417084791473401,36.55088875900011,0.3825854586169476
210663545,EB,0.900584,25.471838631011845,16.07624924348098,0.999256629462781
210994946,RRab,0.721108,0.20520344401849888,16.193810591015033,0.12208616218594412
211041532,EA,0.783812,18.810292165723265,16.2368288254562,0.6547537135764478
210925792,RRab,0.761333,3.3306378164516097,18.51714529071242,0.1968782351612185
211017994,EB,0.914519,32.202069469848986,19.14900633898723,0.4989442446232739
211051536,RRab,0.554488,38.28226579248057,27.464117218299286,0.3899125369388217
210697335,DSCUT,0.957249,6.0392665575324305,1.0707045310372976,0.07769916777750041
210459906,OTHPER,0.989395,26.183315445673355,2.136443947563119,1.2992736245865928
210969614,EB,0.916263,23.19474670962439,17.310179317602106,0.37194188915710924
210863421,GDOR,0.8274030000000001,38.719416314032124,29.49358376114836,1.3907595952919198
210322126,RRab,0.714407,3.0288200062732744,17.823035131166243,0.13330404650689637
210678008,DSCUT,0.814674,0.8124557221931312,30.527510896189938,1.206576233417498
210935498,GDOR,0.882511,0.5758984571541366,32.85084549123597,0.3181208561124812
210396766,DSCUT,0.8950940000000001,17.56113689879927,33.04956330003559,3.1587382350311204
211147178,EA,0.995917,19.7043500732472,17.83136135528565,0.41655857974688937
210475866,RRab,0.725012,1.9144174599421235,17.30053463314825,0.13033173682413118
211057183,GDOR,0.8931379999999999,11.405778611348609,38.06878958017769,0.23283574568686966
210793570,OTHPER,0.994254,9.051217065607824,4.29640017560676,0.7258213965676035
210678680,RRab,0.5393899999999999,3.172752362454152,18.626182456128372,0.9197198001796202
211015722,EA,0.996233,20.329530560581887,15.2300093837697,0.3807658676323559
210994439,GDOR,0.964309,11.981748653512467,34.73385598077508,0.14075153644592142
210991500,EB,0.987574,34.29228256245513,18.895927715012814,0.5982007188460545
211115338,DSCUT,0.931405,7.407470249791539,38.60971518719469,0.1292536668885329
210418120,GDOR,0.795426,39.543503467461555,36.20468513297384,0.11497719293839556
210391723,OTHPER,0.990873,0.1613342948957426,38.29307789823909,0.10843287454850783
210418729,RRab,0.593783,3.2067805056567593,18.67309038094266,0.2068627533509827
211069629,RRab,0.6255729999999999,3.9788481056806493,18.43783114408342,0.4428117797349641
210408934,GDOR,0.958482,4.524290815403869,34.99202230145917,0.14608938930053028
211065427,GDOR,0.6793100000000001,37.83225871751486,26.67692572611547,0.49339384991820745
210936757,GDOR,0.703076,30.795516802538835,39.01657884232192,0.5151907457707667
211178965,DSCUT,0.964719,16.548274407028487,0.37132117306351375,0.26187505348762247
210485552,OTHPER,0.991025,37.28816745617769,35.257907765559416,0.2530482256627116
210401157,EA,0.631506,22.417884497562405,16.912084705266718,0.09870411385760482
211007062,DSCUT,0.900366,15.733742784543884,37.52364974801114,0.8557742308128615
211016408,DSCUT,0.972489,1.9060754653884249,37.29061390238551,0.1319400403820843
210706052,GDOR,0.561932,20.064741776141048,36.99186406127293,0.7574023254136593
210859099,DSCUT,0.99208,5.222810789829933,38.966690676752116,0.08850107059353984
210951735,DSCUT,0.949521,38.70559405752175,37.11045789303023,0.1728049494723435
210311535,RRab,0.72055,5.398452845990846,15.591253044223631,1.1170359383341426
210386017,OTHPER,0.98872,10.977487996210005,38.43493128794453,0.11024849101244663
211061816,GDOR,0.899027,18.475381897412998,38.020842083112264,0.4292643154649146
211091848,GDOR,0.7044520000000001,10.243542070153465,36.79903168942853,0.40492474180650606
210815465,RRab,0.955832,2.303635771467593,18.311922059861903,1.2090509394776416
210386880,EA,0.912868,19.389149339139436,16.83380283169692,0.9816807650702988
210517217,DSCUT,0.954178,6.983944271266489,2.0941868782227555,0.24310732965383375
210611003,OTHPER,0.989488,30.460580045398363,28.18078539404268,1.6267665387146455
210413734,GDOR,0.903933,2.9184687310694444,35.29965955517169,0.11397782207166729
210941737,EA,0.776044,21.244016463623055,14.749330429132383,0.539761739516715
211000135,EB,0.981739,26.27906991333885,17.460123080414345,0.11638255889325051
210796097,EB,0.939073,33.190376515490534,19.19061242206216,0.7493095994499634
210740200,EA,0.994638,20.250891397078945,14.62495664844256,0.6572326595245681
210652602,OTHPER,0.989298,0.21337824644408965,33.953646505980416,0.4116110166331932
210492247,DSCUT,0.951952,5.059834491033399,37.8941704853068,0.16178470625181865
210794599,DSCUT,0.910891,10.711356973661148,37.27306754365809,0.13463689403107768
210760764,OTHPER,0.99014,9.091990335346805,28.08445683194725,1.42057297964375
210471429,RRab,0.8393579999999999,4.293570422423118,17.41078837806535,0.6869469690687731
210865148,EA,0.994327,19.753491279569474,17.272848549522404,1.0496989933478762
210711034,DSCUT,0.987914,37.0621488334783,32.44381481725479,0.580287534084047
210960936,EB,0.923165,22.828059211524838,17.78425776865761,0.3379851524546075
210421654,OTHPER,0.994157,39.98209493987183,33.89631021506259,0.4738920199624612
211056908,DSCUT,0.973373,37.203249146486215,0.9948069913634809,0.3625970749957822
210511761,OTHPER,0.991899,31.590282637531274,33.384498457896555,0.7018364345293457
210780851,EA,0.661748,19.679682422302935,17.825498716990133,0.7053373653288129
210477601,OTHPER,0.989713,6.816870045652656,37.143341238711685,0.09820149154519735
210512162,EA,0.999634,19.729719511059542,15.949651844285402,1.1988614722575814
210404228,EB,0.967372,23.766973459522053,18.007810944406117,0.6239895707188026
210507908,RRab,0.627506,5.079240232161247,17.877072318609187,0.27000483100506095
210734337,EA,0.99113,19.892491428030453,17.115034368602412,1.265289238416984
210784039,EA,0.979549,20.682328558607967,15.806099213993912,0.21518280785874289
210898824,GDOR,0.8943780000000001,11.800102757670064,28.61830892108452,5.743285303210014
210729012,OTHPER,0.993141,2.8695890796987276,35.74698087178008,0.1859841519496263
211036449,EA,0.6677,19.905683598849976,16.276712989252736,0.5060218115918552
211084813,RRab,0.54773,31.200633261717982,38.170429468466935,0.22579940113085062
210650657,EB,0.940126,31.126278656172587,20.22064368118002,0.4602238963339029
210919541,EA,0.7659090000000001,10.293529812092537,17.84886426361838,1.3059894362090656
210656700,DSCUT,0.921527,16.369265324944653,38.17878770086318,0.4373542664902573
210692406,EB,0.986196,26.877643505713095,19.21237036823493,0.5189203719497795
210725210,DSCUT,0.82624,37.08061069425145,33.43713143501068,0.6026627549408983
210954046,GDOR,0.8832450000000001,13.063437338626528,38.08411592066437,0.1814449107623229
210511418,RRab,0.968946,2.7223464395195913,19.388439247034,0.5609063153901793
211101583,OTHPER,0.992771,2.6788324460306,36.08565821689052,0.39594533916084296
210672179,DSCUT,0.968796,39.055293640500565,35.521381649523114,0.09896700992367298
210615776,GDOR,0.6677390000000001,17.301153551907966,34.96887544729173,0.7790977440424314
210978380,GDOR,0.7591859999999999,3.615059896949458,37.51534623440326,0.10401155378905458
210487662,DSCUT,0.949317,12.277216302955614,2.848279162096162,0.529019329823337
210766289,RRab,0.59905,2.9973929505100343,19.313661004252545,0.12367517168886102
210391498,OTHPER,0.98809,3.949934391966954,35.80613279225901,0.06920105591987102
210509604,RRab,0.7198979999999999,2.4919983377908315,15.71987984546599,0.3935106449859139
210868876,RRab,0.8565860000000001,3.155614027922904,17.621494844863932,0.16426700789605428
210737134,GDOR,0.973002,9.741702597474955,37.129955731510066,0.17068035843283536
210516060,GDOR,0.7284689999999999,9.348665427558032,0.07523410653828222,0.2545994886574211
210388603,GDOR,0.677113,28.022576403271803,39.828681593188215,1.0203899783067945
210974869,DSCUT,0.950275,25.4028272518202,1.2495196084598006,0.4853287934666354
210835735,EB,0.950038,27.331679960480923,22.25477217871989,0.4788994914072803
210437941,EB,0.984419,25.660139811694854,19.470421983387855,0.40188830057864106
210945762,DSCUT,0.950013,14.922741480742602,1.514458546347452,0.26567010119729945
211087248,EA,0.6799189999999999,21.983097724711342,34.12856638420654,0.8830593081555549
210916769,EB,0.908442,32.2218290573755,17.75509771691593,1.0032173062078407
210692381,DSCUT,0.984355,37.78800918697202,36.86269313234282,0.12722679866772985
210763406,RRab,0.567807,3.5197837289669938,17.03592595030024,0.1032820957510659
210378102,GDOR,0.712542,38.054325426782064,31.23113470766864,0.4951644757311102
210470747,EA,0.997776,19.105917633060667,17.571993484527166,1.1386602238863424
210846736,EA,0.982008,20.446955498009352,14.470180926625687,0.9140585838098014
210491773,DSCUT,0.961055,5.074804819592277,2.495924276886526,0.11175949889877627
210510450,GDOR,0.632131,6.290171881995481,39.519756703290945,0.20841341770692942
210793743,EA,0.749624,21.141223584396226,15.082491773495764,0.4903837169620181
211082172,GDOR,0.786728,2.8665145723326892,37.50113663923737,0.11529217288628396
211030550,DSCUT,0.938357,4.6039944398256045,39.87032512730605,0.09016381468403495
211173015,DSCUT,0.948808,4.419140747640099,26.38579816395883,1.4229511246500857
210399040,RRab,0.701383,6.896821525066906,15.77091050207238,0.33371363925127373
210748304,GDOR,0.672846,14.190402322084836,36.525680500816364,0.6409549392739259
211083574,EA,0.833946,19.75117881905831,16.188416114277906,1.2636097807757891
211020446,EB,0.999792,25.742599358419273,19.401569807232633,0.637141962585325
210849044,DSCUT,0.917766,3.8318138677076172,39.03881371015299,0.08992321514550058
210819122,GDOR,0.729665,7.026852632223723,38.27611667155665,0.06443210551800918
211115616,RRab,0.555437,4.432866565831514,28.948838130451964,1.0597703718348757
210352799,GDOR,0.899057,6.671592302684368,38.555908608635995,0.17767737092013333
211011649,OTHPER,0.992196,18.066713036594738,36.13474569789351,1.362379066822132
210639353,DSCUT,0.931728,4.35881628484829,1.319435350286277,0.1809786904497685
210551854,OTHPER,0.993677,12.147010861471282,36.820023839966815,0.4044632225980256
210412360,GDOR,0.5863430000000001,10.060646513051175,31.937838137150646,0.7816894383245695
210819401,OTHPER,0.988501,38.97083043367452,38.33410218200936,0.14236298675295475
211048014,EB,0.886487,31.17415704137012,18.30999447998184,1.176890472806714
210931116,GDOR,0.963988,10.110669535423678,35.926665387939984,0.152051339241094
210984540,DSCUT,0.818387,4.901840314947163,31.710706159990593,0.3367714813414501
210344532,GDOR,0.843742,10.757661960460755,32.87470106099185,0.18012233288147533
210403086,EB,0.9704,23.20610902851893,18.658173727532617,0.6317352544530876
211021461,GDOR,0.6571819999999999,20.27623744830941,35.19445917612437,1.0806353699750983
210459068,GDOR,0.788706,30.517058067389783,0.27237905017089714,0.41307837745606835
210958990,EA,0.891124,19.497757398400232,16.497978643313193,0.3410693572458561
210406869,GDOR,0.589959,3.563048963884449,27.322536209939422,0.9717346052326177
210384744,DSCUT,0.969874,37.99565064585583,34.36233338793215,0.17107938582393664
210810957,EB,0.967793,31.637505375725432,17.826298538380836,1.2049029414636674
210754711,RRab,0.730719,4.466761950165679,17.550518809942226,0.12848675324652775
210493551,EB,0.912888,32.69085435309161,19.212396047511252,0.794342508305155
210480153,OTHPER,0.990325,34.79588550469302,35.31441756883372,0.11544097449082785
210654881,EA,0.997175,20.63020844349392,15.68748543740592,0.8956849164312407
211063299,OTHPER,0.992924,37.63868078081158,37.23586698304173,0.25949977656612616
210380478,GDOR,0.740388,7.496615988574893,4.302348930028293,0.41881844389755296
210755081,OTHPER,0.992984,14.470170385171746,36.30455380717803,0.5896946028479904
210781850,GDOR,0.6774140000000001,6.475305812138182,0.32597301950485186,0.1358833223789148
211104058,DSCUT,0.8789030000000001,39.210330671423144,37.75603406922372,0.08631816460154582
210925176,DSCUT,0.988649,1.2378036758140074,39.90929654417968,0.03618861766627366
210765827,DSCUT,0.934207,6.954305286559002,38.85788457139031,0.08421568967919829
210888123,OTHPER,0.989576,0.06289203808658073,33.651701378558236,0.22444786818919235
211132787,EB,0.955361,32.283565186557944,19.16916507360338,0.7652632901614337
210665016,RRab,0.624279,5.557888042867219,14.50168417576678,0.4082762864187899
211042413,DSCUT,0.962251,39.057867103748855,36.66782859740219,0.12831060229604185
210696614,EB,0.956522,33.02483999856256,19.011916762082855,1.4785811883970308
210489231,EB,0.970614,24.922236361634944,21.82209744194877,0.59772507578128
210398323,GDOR,0.938387,6.845325286325812,34.38467637393698,0.25187399691405704
210697426,RRab,0.547304,2.5980865041922856,17.779166394188874,0.25864848628113846
210928115,GDOR,0.939823,1.5674990391397985,32.593810030269445,0.1765585494452963
210433146,EB,0.993808,31.74886621978761,18.370047008486395,0.7583254197413337
211091135,RRab,0.554992,19.20047443782157,32.024335788062245,2.5640468305008763
210823406,EA,0.820509,18.584049624480546,16.486502644729608,0.6564792808856459
