epic_number,Period_1,PeriodAmp1,P1 0.5 Harmonic Amp,P1 2 Harmonic Amp,P1 3 Harmonic Amp,P1 4 Harmonic Amp,P1 5 Harmonic Amp,Period_2,PeriodAmp2,P2 0.5 Harmonic Amp,P2 2 Harmonic Amp,P2 3 Harmonic Amp,P2 4 Harmonic Amp,P2 5 Harmonic Amp,Period_3,PeriodAmp3,P3 0.5 Harmonic Amp,P3 2 Harmonic Amp,P3 3 Harmonic Amp,P3 4 Harmonic Amp,P3 5 Harmonic Amp,Period_4,PeriodAmp4,P4 0.5 Harmonic Amp,P4 2 Harmonic Amp,P4 3 Harmonic Amp,P4 4 Harmonic Amp,P4 5 Harmonic Amp,Period_5,PeriodAmp5,P5 0.5 Harmonic Amp,P5 2 Harmonic Amp,P5 3 Harmonic Amp,P5 4 Harmonic Amp,P5 5 Harmonic Amp,Period Doubled,1% Sig. Level
201488365,6.734215176,0.185225763,0.002132587,0.141076525,0.135914022,0.123635261,0.110462107,0.560757627,0.096243836,0.003287572,0.034871202,0.005180993,0.000773494,0.000773494,0.480581318,0.084821275,0.003287572,0.019071749,0.001033952,0.000773494,0.000715112,0.42046399,0.069939437,0.002731269,0.008272931,0.000773494,0.000603202,0.000861451,0.373802026,0.058446107,0.002731269,0.003052532,0.000773494,0.00065657,0.000823646,1,0.008779336
201893576,0.92994307,0.200763962,0.062891192,0.170007688,0.138940149,0.103577521,0.070876007,13.80191578,0.043544289,,0.004360268,0.00198014,0.001204236,0.000899352,0.077483364,0.040468966,0.003782874,0.001292702,,,,13.12404942,0.032515712,,0.003642639,0.001827286,0.001204236,0.000737887,14.5536205,0.032159759,,0.002968103,0.000500069,0.000765838,0.000899352,1,0.012256062
201828402,19.27854202,0.192359313,,0.07645887,0.007182564,0.004506943,0.004246976,18.18521939,0.146298884,,0.023869958,0.005548505,0.004246976,0.004246976,17.20925021,0.090656942,,0.011243664,0.004589301,0.004246976,0.002739012,15.84836353,0.078356583,,0.006886513,0.003659668,0.002714496,0.001925627,10.8945696,0.07645887,,,,0.003706724,0.003072168,0,0.00981703
201738572,13.01749271,0.782482444,,0.035596141,0.006622654,0.00293595,0.000606156,12.31743893,0.552130495,,0.035596141,0.003056327,0.000954015,0.001373764,13.80191578,0.536842368,,0.011485635,0.012705191,0.002975458,0.000440879,14.5536205,0.174933572,,0.031225821,0.012705191,0.002975458,0.000179132,11.68883748,0.137946005,,0.035596141,0.001763693,,0.001373764,0,0.008908954
201387169,18.3938494,0.191384059,,0.012866563,0.003073167,0.00134321,0.001556443,19.51317428,0.141735582,,0.034717853,0.011137862,0.001426634,0.001052387,17.39597255,0.133461955,,0.012866563,0.001426634,0.001052387,0.002319661,13.92176057,0.079927783,,0.011137862,0.000793366,0.002319661,0.003409431,13.232365,0.049388761,,0.011137862,0.000793366,0.002439128,0.003487779,0,0.008526103
201720109,19.27854202,0.169504019,,0.026402401,0.006577766,0.005191474,0.002570588,18.18521939,0.146738775,,0.026402401,0.005027891,0.005166095,0.00346891,17.20925021,0.09678481,,0.026402401,0.005191474,0.002570588,0.00346891,16.33270241,0.058533737,,0.010319175,0.005191474,0.001917169,0.003166146,15.54112028,0.049465972,,0.010319175,0.004987644,,0.002548717,0,0.008563422
201552857,14.96103795,0.083515679,,0.034655549,0.003965247,0.004164095,0.005087053,19.51317428,0.064436267,,0.022625467,0.010608845,0.002091917,0.004164095,14.1678043,0.056396215,,0.031503781,0.002091917,0.004164095,0.002075108,18.3938494,0.051680114,,0.034655549,0.004608489,0.00105147,0.000997751,15.84836353,0.04970052,,0.034655549,0.002730925,0.000912431,0.001550558,0,0.008578086
201927024,0.237294305,0.954378356,0.039692283,0.002797437,0.000136863,,,0.262613469,0.003512813,0.000141845,0.002313595,0.003437707,0.000162379,0.003059378,0.079956381,0.003437707,0.000170651,0.000136863,,,,0.04839392,0.003059378,0.000154601,,,,,3.692832929,0.002864541,0.00016667,7.10E-05,7.02E-05,6.59E-05,0.000104743,1,0.008545088
201882460,18.18521939,0.170203459,,0.011851064,0.012962471,0.006118824,0.003863588,19.27854202,0.132148922,,0.011015007,0.012143598,0.01297036,0.005893627,17.20925021,0.129273303,,0.007306724,0.01297036,0.005893627,0.003240623,16.33270241,0.046713087,,0.007826189,0.01297036,0.001739029,0.00359604,13.92176057,0.041324764,,0.007826189,0.001003734,0.002519438,0.006263986,0,0.008618512
201407812,2.827275823,0.137140384,0.124007274,0.101550907,0.072439112,0.059314834,0.037957111,0.942470958,0.11882035,0.003003028,0.00737725,0.037957111,0.014486314,0.00460894,0.565305115,0.084621841,0.005586159,0.014486314,0.00460894,0.003643796,0.000729948,0.40383676,0.059314834,0.006012273,0.00460894,0.002934995,0.000676933,0.00050372,5.682132631,0.015570588,0.000736346,0.007160411,0.002893506,0.002964768,0.001617774,1,0.009400611
201590024,20,0.061189171,,0.029644289,0.005820389,0.004045475,0.002730975,18.82580772,0.044812987,,0.029644289,0.005820389,0.003499224,0.008528776,15.69323825,0.034110085,,0.006558171,0.003499224,0.001144165,0.008528776,10.74849545,0.029644289,,0.003263864,0.008528776,0.00353388,0.017922591,17.7818426,0.027463607,,0.006558171,0.003263864,0.00058743,0.008528776,0,0.008564356
201543049,0.2451465,0.068668481,0.004647261,0.011348836,0.004863047,0.001146706,0.001410955,8.849938925,0.03682585,0.033075322,0.003572562,0.016355371,0.015751584,0.020446968,19.51317428,0.033075322,,0.020502491,0.020344091,0.006894924,0.003937957,14.82272104,0.024067829,,0.020344091,0.006894924,0.003937957,0.009242431,1.933630435,0.020446968,0.002025883,0.006899246,0.009226856,0.004647261,0.008485387,0,0.008734035
201610811,0.14114581,0.976101633,0.003246066,0.003240977,0.003215859,,,0.065611709,0.003240977,0.000617981,,,,,0.042737345,0.003215859,0.003050358,,,,,0.932603099,0.002964232,0.000162956,0.000185882,0.002853596,0.000283773,0.002680414,0.33262317,0.002853596,0.000239377,0.000434097,0.00284294,0.002484851,0.002484851,0,0.008861117
201479538,14.96103795,0.036567312,,0.007166701,0.003027743,0.003983557,0.002890537,18.60732198,0.03531285,,0.011096891,0.004199489,0.006219534,0.002967829,12.50965125,0.027242283,,0.004060012,0.006219534,0.002890537,0.002660665,14.1678043,0.02169732,,0.004060012,0.005395836,0.002655986,0.001164773,19.75358815,0.019611149,,0.004826383,0.001929603,0.005395836,0.005395836,0,0.008614657
201910662,20,0.118534376,,0.017517796,0.011560703,0.007474686,0.008508628,16.67238347,0.07827223,,0.013151798,0.006883416,0.008508628,0.008508628,18.82580772,0.071634839,,0.013151798,0.009056893,0.007474686,0.008508628,17.58679124,0.062825335,,0.013151798,0.006883416,0.004028002,0.007335429,15.84836353,0.061977273,,0.011560703,0.006883416,,0.003081501,0,0.008630731
201531578,0.375208893,0.974936952,0.017846879,0.002933073,0.003266236,0.002944371,9.47E-05,0.056924877,0.003266236,0.002933073,,,,,0.14481751,0.003165142,0.000159828,0.003137826,0.002944371,,,0.052243147,0.002944371,0.002933073,,,,,0.043067973,0.002875736,0.000244105,,,,,1,0.008562803
201271106,12.91265237,0.805145501,,0.021984809,0.003797603,0.001226298,0.000959065,13.68411675,0.582578241,,0.020540807,0.005298485,0.001545484,0.000354756,12.22353091,0.554956917,,0.007682681,0.001545484,0.000326343,0.000959065,14.42270132,0.204167859,,0.014252763,0.005298485,0.001539794,0.000326343,11.60423687,0.139459507,,0.005298485,0.001539794,,0.001534839,0,0.009239808
201676716,10.6062866,0.064396349,0.020862386,0.012823931,0.005537845,0.006725512,0.005188457,16.8475781,0.043351628,,0.025498142,0.012823931,0.005537845,0.003364907,11.19896174,0.039421523,0.017429712,0.011383597,0.005537845,0.003383133,0.005188457,17.7818426,0.037662241,,0.033199749,0.014253149,0.005801033,0.005537845,16.00658621,0.037000376,,0.006089652,0.005801033,0.005537845,0.003383133,0,0.008569394
201902310,15.39192304,0.812570076,,0.061525779,0.010213813,0.002129807,0.004233262,14.5536205,0.66028192,,0.025516632,0.010480412,0.001847249,0.001562487,16.33270241,0.632715317,,0.014394432,0.004935014,0.010480412,0.001562487,17.20925021,0.372707129,,0.00657896,0.008572961,0.010480412,0.000246262,13.80191578,0.317765241,,0.015814059,0.010480412,,0.001268274,0,0.011121145
201762815,0.223233322,0.971467122,0.000518406,0.048378309,0.005944812,0.0026561,0.003643375,0.048090543,0.003643375,0.000485072,,,,,0.271922268,0.003449916,0.00032327,0.001923836,0.003267868,0.0026561,0.001961658,0.084503484,0.003267868,0.000586203,0.000390899,,,,2.488956588,0.003183099,0.000100559,0.000502696,0.000236317,0.000614497,0.000255367,0,0.009063944
201592061,0.13928204,0.995008734,0.000787338,0.003810917,0.004510448,,,0.088829513,0.006152158,0.003911344,0.00349858,,,,0.322454818,0.005169575,0.000335584,0.000899541,0.002741186,0.003512557,0.003810917,0.051501399,0.004510448,0.000716242,,,,,0.197665632,0.003911344,0.000532839,0.000514747,0.000587087,0.000390326,0.000512111,0,0.009813028
201933700,20,0.132294841,,0.007346836,0.006614821,0.006182708,0.005344848,18.82580772,0.082867805,,0.007346836,0.006708522,0.006182708,0.006607829,12.80948727,0.03242068,,0.006708522,0.004049637,0.011205912,0.006218855,17.7818426,0.02748401,,0.006721261,0.006708522,,0.006607829,13.56831151,0.017891995,,0.004613594,,0.006150476,0.011205912,0,0.009316225
201571821,20,0.08348813,,0.031548634,0.009060517,0.006069862,0.003353356,18.82580772,0.035797999,,0.022789195,0.007005356,0.005743212,0.003353356,11.60423687,0.025461551,,0.005743212,0.002820766,0.005723599,0.004488692,0.246087176,0.012944508,0.004981475,0.004259474,0.002775946,0.001794477,0.001534801,11.0446688,0.011161163,,0.005743212,0.002820766,0.003382766,0.004471514,0,0.008536334
201549223,18.82580772,0.055050044,,0.035535314,0.007537089,0.011156933,0.006675915,17.7818426,0.041967207,,0.032044106,0.007446862,0.010040137,0.006322332,12.70795757,0.040281171,,0.007446862,0.005983261,0.00742594,0.006546822,20,0.038427351,,0.035535314,0.007357666,0.003336132,0.002109209,10.53658403,0.032150163,,0.000821767,0.000954394,0.006546822,0.011373099,0,0.008772066
201789080,11.77468071,0.196527988,,0.017992961,0.033214309,0.001034222,0.000657319,11.19896174,0.13017887,0.036836295,0.091501943,0.004004482,0.000979106,0.000657319,12.41280103,0.117318271,,0.00836097,0.034081948,0.002088412,0.000283262,4.976638996,0.092274117,0.029671149,0.000283262,0.001010098,0.000788061,0.001256775,14.68693823,0.070259585,,0.014659713,0.034081948,0.002384791,0.000958139,0,0.008581558
201600674,17.39597255,0.039818703,,0.011268911,0.002040317,0.003869778,0.002142772,13.92176057,0.029782002,,0.006048969,0.002722036,0.001722451,0.001722451,16.50079498,0.024251578,,0.006942724,0.002031471,0.002722036,0.001722451,18.3938494,0.019776079,,0.006942724,0.002040317,0.00124685,0.001421109,11.60423687,0.017045131,,0.002024509,0.000703396,0.001692943,0.001932342,0,0.008588943
201325244,9.312573514,0.604664184,0.013333141,0.095745548,0.01506517,0.001040378,0.001191346,8.849938925,0.31699803,0.017760669,0.049986657,0.004194603,0.001040378,0.000789091,9.826244946,0.312519977,0.001266621,0.095745548,0.004703148,0.001196471,0.000773637,10.74849545,0.145803908,,0.095745548,0.003681359,0.001196471,0.000128578,8.050104822,0.100703344,0.017897522,0.003384392,,,0.000789091,0,0.008753321
201368515,2.131578436,0.022352414,0.016733604,0.017798529,0.016523259,0.015597461,0.015597461,3.744581674,0.020288771,0.005581794,0.011686001,0.014867214,0.015904959,0.012013054,1.487062414,0.02028083,0.010297103,0.012013054,0.015597461,0.014396786,0.013693991,4.945934632,0.018861725,0.002586737,0.009516615,0.006024923,0.014867214,0.013604614,0.87699885,0.015904959,0.001709406,0.014396786,0.013693991,0.009277391,0.006521452,0,0.009106994
201448202,19.75358815,0.257686152,,0.019313486,0.00436471,0.003478569,0.002727712,18.60732198,0.228250263,,0.018979295,0.00436471,0.002695741,0.003704289,17.58679124,0.138579564,,0.006465283,0.00377453,0.002385277,0.003704289,14.42270132,0.062085535,,0.006465283,0.003478569,0.001464023,0.003074919,16.67238347,0.051282096,,0.006465283,0.003478569,0.001905551,0.002831538,0,0.008608996
201648133,17.50661074,0.029035859,0.026628714,0.02537416,0.020566588,0.019455361,0.019041206,5.847934514,0.025792401,0.010582707,0.018896314,0.019041206,0.019892551,0.021313686,3.507046241,0.023581191,0.01821868,0.017549585,0.021313686,0.021676532,0.017683219,0.946365087,0.021676532,0.015897411,0.011035346,0.00356796,0.000816784,0.000248517,1.00070755,0.021447899,0.015200609,0.011592993,0.004068603,0.001002791,0.000374991,1,0.008900729
201739972,0.055677502,0.227218353,0.002847489,,,,,0.04959448,0.170034475,0.002628524,,,,,0.063298516,0.122268027,0.002502092,,,,,0.052343778,0.066156013,0.001735351,,,,,0.044231164,0.048188291,0.007747476,,,,,0,0.019932767
201607088,0.53087906,0.630445078,0.049932108,0.124612836,0.034038155,0.008621164,0.009759378,0.044239708,0.011357836,0.002268987,,,,,0.048262811,0.009759379,0.002314596,,,,,0.058987815,0.008621164,0.002314596,,,,,0.075841345,0.004424564,0.001253881,0.000293514,,,,1,0.00879897
201689490,11.12128014,0.420393747,0.398127299,0.005716315,0.002473304,0.002031517,0.000898533,20,0.398127299,,0.223939253,0.036897839,0.002674483,0.002082314,11.77468071,0.241661294,,0.003629444,0.001695586,0.002692257,0.000898533,10.53658403,0.223939253,0.223251049,0.001633375,0.002692257,0.000752124,0.000636751,18.82580772,0.223251049,,0.052253934,0.036897839,0.002082314,0.001695586,0,0.008563187
201398311,0.464567348,0.628513015,0.00035284,0.161764235,0.079922123,0.033209701,0.016280207,0.077430975,0.007984747,0.001928412,0.000268662,,,,0.066369483,0.00353911,0.000451081,,,,,0.49148298,0.003026359,0.000148807,0.000495131,0.001928412,0.000368201,0.00172207,0.435422794,0.002974957,0.000148398,0.000643411,0.000451081,0.00027486,0.000385142,0,0.008591281
201608319,13.45444989,0.304455576,,0.014034444,0.007450147,0.00598598,0.004402071,12.80948727,0.196519325,,0.006655116,0.004300945,0.004721553,0.003304568,14.1678043,0.1870422,,0.014034444,0.008947055,0.004721553,0.004402071,9.4777243,0.130953541,0.123618344,0.008947055,0.004402071,0.003869429,0.002817425,17.39597255,0.123618344,,0.042097079,0.008947055,0.003084046,0.003416777,0,0.00863287
201749821,1.401996437,0.67046953,0.076255927,0.205034045,0.050469242,0.006183401,0.002760076,0.467411501,0.057214936,0.000938847,0.001694586,0.002760076,0.002032666,0.002032666,0.280485003,0.024197601,0.003094633,0.000644701,0.002032666,0.001596306,0.001530083,0.200383138,0.006935119,0.006561721,0.002032666,0.00042263,0.001683488,0.001504466,0.376877382,0.006561721,0.005214033,0.001296266,0.000644701,0.000333283,0.000403903,1,0.008883113
201709153,20,0.055564685,,0.032844458,0.003868647,0.003019932,0.001214872,10.67691752,0.032844458,,0.003019932,0.002198504,0.003147939,0.004667561,18.82580772,0.031944259,,0.005426949,0.003229296,0.00242035,0.001039027,13.232365,0.031334772,,0.003229296,0.001214872,0.002198504,0.00315857,11.27773617,0.019663622,,0.002975744,,0.0020783,0.003179419,0,0.008548226
201377900,19.27854202,0.20059196,,0.008313945,0.009119832,0.012100586,0.012100586,18.18521939,0.157488027,,0.009626478,0.008954709,0.012100586,0.007770391,14.29411655,0.08664595,,0.006197451,0.007168133,0.007770391,0.006826143,17.20925021,0.078256372,,0.009626478,0.007168133,0.007009871,0.007770391,13.56831151,0.071239545,,0.003147432,0.003478126,0.00760413,0.00342321,0,0.008571849
201674807,18.18521939,0.100308946,,0.038343958,0.004347824,0.005879081,0.004990083,19.27854202,0.082157003,,0.032820159,0.001707306,0.003218619,0.003028376,17.20925021,0.074370782,,0.015152558,0.003218619,0.003028376,0.00254931,16.33270241,0.027199561,,0.008419334,0.003218619,0.001187944,0.002432385,13.92176057,0.007966222,,0.007828991,0.002188103,0.001008664,0.003785206,0,0.008597119
201728074,0.245484314,0.04500353,0.004973979,0.008309025,0.002343901,0.001194879,0.000938393,20,0.041760682,,0.023270271,0.004020713,0.008047749,0.004216661,12.31743893,0.037423005,,0.008047749,0.004251054,0.01076977,0.009972918,1.950093571,0.034327177,0.006283391,0.007739855,0.010458033,0.004973979,0.0040286,18.82580772,0.03262429,,0.023270271,0.008002066,0.006052052,0.006283391,0,0.008613231
201592815,12.41280103,0.064011997,,0.023140656,0.003801428,0.001608388,0.002943244,10.01029732,0.062029576,0.044353035,0.014579258,0.002489029,0.002943244,0.005502662,13.12404942,0.053085169,,0.016458774,0.003644378,0.002489029,0.002943244,18.3938494,0.044353035,,0.026124847,0.012945489,0.001574559,0.003644378,11.77468071,0.042451516,,0.014579258,0.003644378,0.000802167,0.002943244,0,0.008577382
201238932,0.057044372,0.91852885,0.002861162,,,,,0.075708838,0.00537289,0.002708563,0.003079813,,,,0.046279036,0.004421331,0.003041393,,,,,0.384284554,0.004005601,0.003128342,0.003339261,0.002708563,0.002861162,0.000767688,0.349289963,0.003182774,0.00041742,0.000286117,0.002861162,0.000261738,0.002560614,0,0.008619741
201381586,16.168,0.139059782,,0.01823957,0.013821173,0.012069561,0.011508436,15.39192304,0.116568078,,0.013400205,0.013275737,0.012069561,0.010382397,17.02649374,0.106155396,,0.009413733,0.031508222,0.004043362,0.011508436,12.70795757,0.055501359,,0.031508222,0.004043362,0.011460364,0.010382397,14.5536205,0.048155065,,0.013400205,0.00440209,0.011508436,0.010382397,0,0.008699439
201273981,7.120551857,0.424008944,0.032930699,0.004670285,0.003686132,0.001998768,0.001933045,8.173217117,0.233559113,0.032930699,0.008718698,0.003540995,0.001998768,0.001639911,7.52139933,0.111545773,0.027135248,0.004503205,0.002530093,0.000627201,0.00138395,4.870806114,0.109825028,0.046404833,0.001402982,,0.001933045,0.001250102,6.760268305,0.108750637,0.031339225,0.003173935,0.001402982,,0.001933045,0,0.008663561
201907820,13.232365,0.038869436,,0.008984274,0.0098599,0.007983693,0.005899807,14.04370486,0.028590785,,0.005278259,0.0098599,0.00609724,0.005899807,12.50965125,0.027595154,,0.01421725,0.0064196,0.002625465,0.00578738,9.422027015,0.019072769,0.014965797,0.0098599,0.002214972,0.007458916,0.0111726,0.244399121,0.017956224,0.007685226,0.003761682,0.002111854,0.001537102,0.001480997,0,0.009789827
201766747,14.29411655,0.10630436,,0.017650632,0.01248763,0.00279763,0.004811184,12.80948727,0.105716907,,0.017650632,0.004326423,0.004811184,0.003848833,13.56831151,0.097122243,,0.017650632,0.005587942,0.004607656,0.004607656,15.10196055,0.087698827,,0.013177013,0.01248763,0.002086305,0.004607656,18.82580772,0.077883605,,0.031707358,0.006240065,0.01248763,0.001500376,0,0.009302255
201780233,0.573597115,0.666672546,0.000330031,0.173855063,0.092400103,0.0431564,0.016626788,0.095621326,0.00438333,0.002080282,0.001877016,,,,0.544383279,0.00417961,0.000330031,0.001235221,0.002080282,0.000900228,0.002038912,0.428098247,0.003529902,0.000646256,0.001663532,0.002366983,0.002038912,0.001215969,0.606353455,0.002713323,0.000330031,0.001006292,0.000486532,0.002366983,0.000355406,0,0.009162997
201735172,15.69323825,0.068003411,,0.023101322,0.018442613,0.002962291,0.00431434,16.67238347,0.047957047,,0.028996455,0.009951044,0.018442613,0.00431434,14.82272104,0.043319975,,0.024361689,0.018442613,0.002025622,0.003672607,9.366980534,0.028996455,0.019362805,0.018442613,0.003298578,0.008189641,0.006036753,6.935734412,0.024361689,0.01343358,0.00111843,0.006435077,0.004219159,0.005028615,0,0.008603468
201919351,20,0.10800813,,0.05272459,0.014005334,0.018398649,0.010486185,16.00658621,0.064899985,,0.037765942,0.018398649,0.010486185,0.006937963,15.10196055,0.04877074,,0.035973653,0.012288804,0.00553637,0.003506008,18.82580772,0.047313678,,0.037765942,0.012392821,0.010486185,0.004714337,17.02649374,0.046699276,,0.037765942,0.012392821,0.010486185,0.004503313,0,0.013412147
201700978,16.50079498,0.643443311,,0.066881393,0.00625657,0.004547678,0.002618458,15.69323825,0.5550858,,0.066881393,0.006396032,0.002979557,0.002068525,17.39597255,0.531719996,,0.066881393,0.00389656,0.006396032,0.002068525,18.3938494,0.276963225,,0.076358665,0.005300193,0.006396032,0.000614122,14.82272104,0.220351013,,0.006940244,0.006396032,,0.000961365,0,0.012191072
201803365,0.245882718,0.934440752,0.020128216,0.038005794,0.000158649,,,0.081867087,0.004789359,0.000323747,0.000158649,,,,0.049090338,0.004182318,0.000231483,,,,,0.116230199,0.000403554,0.00020872,0.000196356,0.000107526,,,0.131351538,0.000400359,0.000117806,0.000292234,0.000158649,,,1,0.008604453
201562530,3.318325585,0.071879999,0.021934469,0.044106479,0.012348449,0.020032653,0.007165483,3.148878593,0.052581395,0.021934469,0.038610691,0.021825678,0.013099489,0.007165483,3.522456243,0.052201337,0.015256123,0.016792556,0.016136365,0.021825678,0.005282186,10.01029732,0.047735862,0.013469453,0.031167932,0.02264406,0.035852047,0.020525922,2.898409607,0.043468977,0.031167932,0.038610691,0.021825678,0.005282186,0.003618168,0,0.013903892
201505569,16.8475781,0.081532795,,0.010892879,0.011859128,0.004107603,0.002849575,17.7818426,0.062762193,,0.010036616,0.01177498,0.00403752,0.002849575,16.00658621,0.058865256,,0.00980401,0.011859128,0.002841886,0.00651233,20,0.041354291,,0.00727806,0.00980401,0.00403752,0.0014106,18.82580772,0.034105049,,0.002554375,0.009672467,0.002222559,0.0014106,0,0.008682675
201769424,16.67238347,0.182803466,,0.036315663,0.007834943,0.00388508,0.005296449,17.58679124,0.156167535,,0.029604534,0.007834943,0.004331861,0.005296449,15.84836353,0.151706317,,0.018510957,0.004331861,0.001222407,0.005296449,18.60732198,0.091316614,,0.022794427,0.021785725,0.004331861,0.000867258,14.96103795,0.057121248,,0.021785725,0.003881658,,0.002538469,0,0.008744455
201517854,0.279681723,0.959541625,0.034931075,0.003081731,0.002696731,,,0.993268105,0.00346813,0.000202883,0.000127942,0.003326471,9.39E-05,0.0031736,0.089051536,0.003393359,0.000186225,0.002606764,,,,0.065328326,0.003081731,0.00070143,,,,,0.10913352,0.002797194,0.00017485,0.002744517,,,,1,0.008535098
201222038,16.50079498,0.060845145,,0.010667637,0.004615056,0.002636958,0.003937061,11.19896174,0.053479739,0.014632927,0.004615056,0.003066902,0.003937061,0.005014652,15.69323825,0.043677242,,0.010667637,0.003961298,0.003066902,0.003937061,17.39597255,0.038603154,,0.01394904,0.004615056,0.001075709,0.003066902,13.56831151,0.036429481,,0.004615056,0.001075709,,0.005014652,0,0.008563278
201410584,17.02649374,0.082512861,,0.055381856,0.016534162,0.021066628,0.007474112,17.98126902,0.069446085,,0.059929214,0.020963949,0.021066628,0.007474112,16.168,0.065459647,,0.012294501,0.021066628,0.004178486,0.003974096,9.88683909,0.059929214,0.05159999,0.021066628,0.003974096,0.002770213,0.002655448,13.68411675,0.049385694,,0.020963949,,0.004178486,0.003974096,0,0.008556455
201725951,20,0.042071776,,0.007736305,0.017326079,0.008986871,0.002865616,16.50079498,0.040968463,,0.020952377,0.008986871,0.004228729,0.00477563,15.69323825,0.028971164,,0.017326079,0.004289271,0.002555797,0.007128938,17.39597255,0.028362111,,0.011096552,0.009448503,0.004289271,0.00253835,13.34248336,0.0264995,,0.017326079,0.004289271,0.001818802,0.007128938,0,0.008560989
201476362,0.312254901,0.923913596,0.003208196,0.110679018,0.019281715,0.002813008,,0.570738487,0.003374851,8.22E-05,0.000238978,0.002452711,0.000436556,0.000523697,0.068672087,0.003107862,0.000221608,,,,,0.095388078,0.003072764,0.002452711,0.00302722,,,,0.045155497,0.00302722,0.00276944,,,,,1,0.008565477
201840254,10.13687781,0.76157986,0.014380812,0.048115763,0.009109974,0.001189256,0.001802419,9.648838466,0.424167254,0.014380812,0.015941873,0.002498933,0.001766546,0.001791569,10.67691752,0.413874232,,0.017665626,0.009109974,0.001907847,0.001766546,12.41280103,0.217827847,,0.019887522,0.012016497,0.001907847,0.001397236,13.12404942,0.10614274,,0.020265574,0.012016497,0.001731157,0.001731157,0,0.010408293
201753654,20,0.073813095,,0.011973953,0.017692878,0.014457794,0.006893971,12.31743893,0.042280996,,0.010499016,0.006893971,0.002773189,0.005098252,18.82580772,0.035412048,,0.006658467,0.010499016,0.006893971,0.003792781,15.10196055,0.033975787,,0.013221415,0.010499016,0.003687887,0.001422043,13.01749271,0.026814611,,0.009429294,0.006893971,0.003687887,0.002813035,0,0.008634214
201721222,11.60423687,0.202924543,,0.009632776,0.00609212,0.002264804,0.003361564,14.5536205,0.182962289,,0.002901723,0.007823672,0.00609212,0.002264804,15.39192304,0.137710069,,0.007353393,0.007823672,0.00609212,0.002264804,13.80191578,0.122278229,,0.009632776,0.00609212,0.00118644,0.001157494,11.0446688,0.117186954,0.030335707,0.009632776,0.00609212,0.001157494,0.007760505,0,0.008634732
201826968,0.361748355,0.981790736,0.006337014,0.016962815,0.003348928,0.002384076,,0.149072427,0.003350038,0.000521666,0.00283969,0.003348928,0.000255886,,0.056291316,0.003348928,0.002885346,,,,,0.052788418,0.002999726,0.002885346,,,,,0.06726892,0.00283969,0.000460983,,,,,1,0.009018173
201592476,11.12128014,0.041869523,0.038884809,0.016947285,0.002130057,0.001656077,0.008342314,20,0.038884809,,0.036301009,0.021608743,0.005937603,0.004802064,9.4777243,0.036175873,0.016330641,0.004802064,0.001955287,0.002969594,0.008342314,10.53658403,0.02317019,,0.012868255,0.001955287,0.001656077,0.008342314,7.026928109,0.021561568,0.019024859,0.001910074,0.000660623,0.001733554,0.003294676,0,0.008686507
201926949,10.26670053,0.474292294,0.259902032,0.012450168,0.003025321,0.001353044,0.000772306,9.766389013,0.295748545,0.234496618,0.003284316,0.002967358,0.001353044,0.000772306,10.82103958,0.270261319,,0.014879664,0.005311053,0.001395736,0.000443212,18.3938494,0.139961962,,0.040513007,0.04379336,0.005356085,0.005356085,14.68693823,0.068613097,,0.04379336,0.001290033,0.005356085,0.001610749,0,0.008674661
201774941,14.29411655,0.050402607,,0.019707471,0.012564976,0.005266675,0.004093304,10.33286691,0.046526657,0.009545297,0.019183744,0.002240008,0.003752119,0.003939968,8.899060244,0.038622634,0.010290285,0.002124387,0.003752119,0.003939968,0.002596358,13.56831151,0.029313815,,0.019707471,0.002124387,0.001949259,0.003752119,15.10196055,0.028337101,,0.019707471,0.01790501,0.002124387,0.001406404,0,0.009767664
201199000,10.13687781,0.067756606,0.025460578,0.022000726,0.022038973,0.047348112,0.03022835,6.846877368,0.063469494,0.050326797,0.022038973,0.019539426,0.016190329,0.021020694,12.31743893,0.050326797,,0.048098566,0.022038973,0.032592107,0.032592107,6.513107121,0.048098566,0.032302271,0.013949923,0.00230156,0.010717605,0.009649419,9.648838466,0.044466161,0.029910663,0.022000726,0.01866002,0.01483077,0.010717605,0,0.009403245
201698669,0.314737453,0.898265504,0.093957364,0.004450113,0.003172934,0.00248611,,0.104919916,0.006503393,0.00046466,0.001069336,,,,0.439480827,0.003242272,0.000171837,0.00052227,0.000481245,0.000382461,0.003084615,0.095855717,0.003084615,0.000747892,0.003070803,,,,0.071231864,0.003075432,0.000481245,,,,,1,0.008894089
201903779,1.799104173,0.528827364,0.002048483,0.029241067,0.003264625,0.001074187,0.000679962,1.931301223,0.092920202,0.004552309,0.000814184,0.000588451,0.001229342,0.001074187,1.669815772,0.023697971,0.002120992,0.002287048,0.001229342,0.001074187,0.000679962,20,0.019398133,,0.003090768,0.009764404,0.005052869,0.004552309,18.82580772,0.011699379,,0.002755586,0.009764404,0.004552309,0.002786175,0,0.009905919
201940767,0.293720677,0.983292024,0.012991241,0.006089995,0.003411005,0.000140079,,0.066817567,0.00383313,0.000503494,,,,,0.366286984,0.003831717,0.003620967,0.002936575,0.000313457,0.003572117,0.000170966,0.052506628,0.003411005,0.002799566,,,,,0.045994921,0.003021387,0.000661351,,,,,1,0.008603456
201751439,14.82272104,0.165661771,,0.019127521,0.00630421,0.005655212,0.004692523,14.04370486,0.151675687,,0.011796608,0.00630421,0.004836211,0.004135598,15.69323825,0.133026559,,0.019127521,0.00630421,0.004100282,0.004692523,13.34248336,0.125177931,,0.011934431,0.004100282,0.00380764,0.002019069,12.60802469,0.079945207,,0.011934431,0.004100282,,0.002019069,0,0.00862135
201644790,9.707257881,0.037976423,0.019487802,0.008895988,0.005006342,0.004794496,0.002864102,10.26670053,0.035929808,0.010666618,0.008895988,0.004269197,0.003333416,0.002534142,10.82103958,0.031014441,,0.004945677,0.004269197,0.003625614,0.001101627,15.54112028,0.027608007,,0.014397609,0.001572817,0.004269197,0.003625614,9.205633803,0.027084053,0.025146653,0.002815544,0.00228228,0.00057558,0.002498241,0,0.008555275
201427257,14.82272104,0.023542465,,0.013977301,0.006764237,0.007110399,0.012211999,20,0.022283565,,0.019809254,0.007810356,0.006764237,0.003274234,0.244436381,0.017955077,0.003998817,0.006445832,0.002308374,0.001214027,0.001098268,15.69323825,0.017368842,,0.013977301,0.006764237,0.003538103,0.009723091,10.53658403,0.017311463,0.011507692,0.003314438,0.007110399,0.011144055,0.007119047,0,0.00859431
201266727,0.281597491,0.973107281,0.002777057,0.022343205,0.003460883,,,0.051710692,0.003460883,0.002873834,,,,,0.330702145,0.003167138,0.000279596,0.000805073,0.000431897,0.003050911,0.002586799,0.194831256,0.003166756,0.000224314,0.003050911,0.000151385,0.000342711,0.002384898,0.089434026,0.003050911,0.000199865,0.002384898,,,,1,0.008898627
201330992,10.20137616,0.071389643,0.012923774,0.014745492,0.005424599,0.006037424,0.005570927,14.5536205,0.054852587,,0.027235363,0.008348562,0.005424599,0.005167051,15.39192304,0.039536059,,0.023512909,0.008348562,0.008226533,0.005167051,13.80191578,0.035830433,,0.006544617,0.008226533,,0.003745327,11.95020618,0.030362878,,0.008411174,0.008226533,,0.003020918,0,0.008781953
201182911,1.992708779,0.157493847,0.030220233,0.129062693,0.113263334,0.104846572,0.092996282,0.166090453,0.082717556,0.000933058,0.024343346,0.00255874,0.000575722,,0.142374128,0.066594493,0.000941764,0.011142341,0.000568187,,,0.124574825,0.055500357,0.000852545,0.004200448,0.000510416,,,0.110731423,0.043301798,0.001108879,0.001421557,,,,1,0.009981229
201356556,13.80191578,0.823295957,,0.060152662,0.010788298,0.006231641,0.002499633,14.5536205,0.628459976,,0.044350941,0.014848241,0.006231641,0.001547116,13.12404942,0.600617476,,0.060152662,0.006231641,0.001100387,0.003256094,15.39192304,0.249858682,,0.014801379,0.017774549,0.006231641,0.001007794,12.41280103,0.151443282,,0.060152662,0.000664097,,0.003256094,0,0.011163527
201809540,11.19896174,0.580418296,0.105040639,0.025874086,0.004362406,0.00348156,0.000670371,11.86179414,0.299928457,,0.02212198,0.004014765,0.00348156,0.000670371,10.6062866,0.299819909,0.105040639,0.003326255,0.002949005,0.00031715,0.000301151,13.92176057,0.182374467,,0.030110285,0.00385938,0.00203713,0.001600166,14.68693823,0.122641787,,0.102671517,0.002775032,0.002332095,0.00203713,0,0.008592409
201754974,11.52085209,0.461888578,,0.113039893,0.006932628,0.003675063,0.004189438,10.96910574,0.389313143,0.010236943,0.110692621,0.006932628,0.004189438,0.004189438,12.13104396,0.386989219,,0.048440707,0.004451996,0.004633024,0.004189438,10.39989167,0.193889053,0.01887909,0.036067091,0.005321697,0.003675063,0.002631531,12.80948727,0.177814955,,0.048440707,0.005155914,0.002081317,,0,0.01216401
201753254,19.27854202,0.111798865,,0.037005958,0.01937335,0.005530301,0.005135724,14.04370486,0.086314113,,0.019340382,0.005144069,0.003420659,0.003303342,18.18521939,0.081797294,,0.044970287,0.013638803,0.005144069,0.003071123,13.34248336,0.065105041,,0.002830269,0.003071123,0.003303342,0.002849755,14.82272104,0.05990035,,0.044970287,0.011439616,0.003071123,0.003303342,0,0.009268902
201786731,15.54112028,0.042284022,,0.029512032,0.008346686,0.008035732,0.007438617,20,0.038041159,,0.025763659,0.015819487,0.008346686,0.008035732,12.60802469,0.035312872,,0.015819487,0.008035732,0.007438617,0.006835541,8.475664938,0.029512032,0.023610128,0.006322802,0.002822344,0.004714798,0.004055069,14.68693823,0.022995973,,0.015398289,0.008346686,0.005786212,0.005786212,0,0.008581092
201501958,7.970069948,0.626907397,0.010235139,0.135896031,0.009687292,0.000575547,0.000509309,8.431094863,0.220750869,0.01006568,0.050568297,0.003470475,0.000873266,0.000346539,7.55685005,0.178765392,0.01006568,0.015349799,0.001676151,0.000337057,0.000418252,9.205633803,0.0898369,0.006578513,0.016686642,0.003084742,0.000873266,0.000337057,10.67691752,0.07876761,0.006577088,0.016686642,0.003084742,,,0,0.008613743
201681411,0.281350415,0.945163865,0.004206964,0.096134265,0.013945608,,,0.330021431,0.003683313,0.000124948,0.000426989,0.003459076,0.003453386,0.003362452,0.042694099,0.003543977,0.003453386,,,,,0.195044571,0.003425008,0.000123356,0.001142006,0.000205458,0.003149823,,0.953683076,0.003194696,0.000248218,0.00025904,0.00010525,0.000141631,0.000184352,1,0.00859832
201585232,11.95020618,0.074699755,,0.009376841,0.00509743,0.004481092,0.006125594,11.35762667,0.059496109,,0.009376841,0.004134632,0.006125594,0.005482346,12.60802469,0.058956574,,0.005152415,0.004635918,0.003712399,0.006125594,13.34248336,0.028178469,,0.008539089,0.004989537,0.003712399,0.002070866,10.74849545,0.026854285,0.015676743,0.004989537,0.003712399,,0.005482346,0,0.008575834
201423623,20,0.124516626,,0.00914826,0.015742045,0.011972216,0.009543388,18.82580772,0.072877967,,0.008923212,0.015147567,0.009543388,0.015825884,14.82272104,0.057787036,,0.015147567,0.008698416,0.019209994,0.019209994,14.04370486,0.045026397,,0.015147567,0.008698416,0.019209994,0.008297891,15.69323825,0.038830909,,0.004980746,0.008519312,0.007489568,0.019209994,0,0.008575783
201257260,9.591117994,0.537630008,0.028970668,0.01447393,0.004289111,0.001009488,0.001707485,9.101122264,0.29937158,0.037380878,0.008509981,0.004077612,0.000889965,0.001707485,10.13687781,0.286037913,,0.010709674,0.002803599,0.000897471,0.000852718,11.77468071,0.100098131,,0.023539287,0.008763829,0.000897471,0.000304062,8.090728079,0.062710888,0.037380878,0.004213793,0.000874867,0.000304062,0.001707485,0,0.008612955
201593658,20,0.068972772,,0.023567527,0.011515926,0.01550677,0.004231956,12.13104396,0.054991396,,0.01550677,0.00743005,0.004094273,0.004808967,12.80948727,0.043853613,,0.014712644,0.010926764,0.003192309,0.003778499,14.1678043,0.035534095,,0.005003704,0.01545323,0.003622894,0.003778499,11.52085209,0.032966266,,0.01550677,0.003196331,0.000177888,0.005078328,0,0.009774511
201892629,20,0.115310852,,0.03077219,0.021075607,0.011577705,0.007648636,16.00658621,0.06762517,,0.031720732,0.009959352,0.007648636,0.006730421,18.82580772,0.055573461,,0.031720732,0.021075607,0.006198959,0.007648636,17.02649374,0.046681948,,0.031720732,0.009387328,0.004250199,0.006730421,15.10196055,0.042966139,,0.021075607,,0.006013641,0.006129068,0,0.008589286
201180520,12.70795757,0.686870454,,0.147173975,0.00502356,0.001055818,0.000470513,12.03994607,0.503567558,,0.052243369,0.002991537,0.000595672,0.000300049,13.45444989,0.44894511,,0.048731447,0.005739036,0.001055818,0.000124187,14.1678043,0.164985788,,0.048731447,0.006426437,0.00100429,5.15E-05,11.43865711,0.14290783,,0.009643642,0.000686818,,0.000750595,0,0.008574082
201430034,2.008730883,0.077180638,0.011338262,0.011918761,0.002972725,0.004200452,0.002375814,14.68693823,0.063794945,,0.011704889,0.013310192,0.005899899,0.022653812,13.92176057,0.049982889,,0.011704889,0.011338262,0.00649953,0.022653812,15.54112028,0.049136319,,0.010206122,0.006682969,0.011338262,0.00649953,16.50079498,0.027032316,,0.010206122,0.005928355,0.011338262,0.005042327,0,0.008619658
201129544,15.69323825,0.613395798,,0.062158559,0.009128348,0.005764951,0.003454709,16.67238347,0.509330219,,0.048457211,0.008140539,0.005692994,0.003454709,14.82272104,0.494507092,,0.048457211,0.008140539,0.003110587,0.001507913,17.58679124,0.298465989,,0.027008678,0.007631223,0.003743054,0.00035373,14.04370486,0.217676476,,0.006877079,0.003650026,,0.001413298,0,0.008961948
201546971,14.5536205,0.069074728,,0.009970191,0.013007399,0.030653407,0.030653407,13.80191578,0.04517278,,0.009936688,0.002916233,0.030653407,0.011011366,18.60732198,0.04159128,,0.037020588,0.012079533,0.004842611,0.013234414,20,0.040054987,,0.011101919,0.001854104,0.013007399,0.002622463,15.39192304,0.039799624,,0.018756968,0.013007399,0.001976593,0.027223573,0,0.008555578
201583400,19.27854202,0.062558754,,0.039447622,0.021880246,0.02046805,0.013781557,18.18521939,0.044524394,,0.039447622,0.016563748,0.02012921,0.013781557,12.41280103,0.043648325,,0.021720759,0.00244752,0.009674045,0.009367458,15.24556319,0.033380415,,0.021880246,0.02012921,0.007135496,0.007506192,0.24477224,0.029221186,0.004198,0.006654984,0.00286036,0.001739736,0.001993208,0,0.008780107
201561005,12.41280103,0.2688539,,0.023915895,0.001806083,0.00066758,0.000414469,13.12404942,0.183894722,,0.012479219,0.001803287,0.000925835,0.000408139,11.77468071,0.172792723,,0.007621235,0.001254068,0.000408139,0.000414469,20,0.04746184,,0.037246133,0.009116569,0.005403529,0.000925835,15.84836353,0.045874557,,0.008575385,0.005403529,0.000925835,0.000925835,0,0.008695397
201473612,1.371416122,0.477264693,0.202335812,0.188569312,0.071993683,0.016770901,0.003468138,0.457149456,0.122055774,0.004165127,0.003612014,0.003468138,0.001496792,0.001262985,0.274294833,0.060958685,0.004284903,0.001496792,0.001262985,0.000951584,0.00103628,0.195950406,0.017129408,0.005879126,0.001262985,0.000903416,0.000952031,0.000596356,1.292810741,0.005157449,0.002386784,0.003199099,0.00143679,0.004445186,0.00200028,1,0.008862534
201833284,20,0.112626428,,0.034770727,0.010362317,0.003402094,0.004594947,18.82580772,0.045512423,,0.034770727,0.003357259,0.003072655,0.004610709,15.69323825,0.03373577,,0.012051963,0.003402094,0.002339582,0.008062258,11.0446688,0.02681773,,0.003402094,0.004610709,0.008062258,0.00607494,13.01749271,0.026236097,,0.004241894,0.002339582,0.0079439,0.0079439,0,0.008573596
201493012,14.1678043,0.327093523,,0.007095039,0.003111608,0.002725494,0.002221592,13.45444989,0.250979475,,0.003513077,0.001174398,0.002725494,0.002221592,14.96103795,0.239449593,,0.005552747,0.003111608,0.001462133,0.002221592,12.80948727,0.118521865,,0.002210324,0.001174398,0.000480976,0.000445038,18.3938494,0.086783187,,0.026787296,0.002414426,0.00180072,0.000405455,0,0.00862418
201670373,10.33286691,0.565325191,0.199029318,0.00574374,0.002601482,0.001310462,0.001260432,10.8945696,0.372653949,0.191383543,0.002447825,0.004268865,0.001637811,0.001260791,9.826244946,0.364137392,0.191383543,0.00574374,0.001637811,0.001260791,0.001096453,18.60732198,0.164424474,,0.041695045,0.002629061,0.00574374,0.00429943,17.58679124,0.12236229,,0.028794457,0.002258291,0.00429943,0.001264126,0,0.008708118
201587445,14.68693823,0.770329625,,0.01989042,0.009521485,0.00574012,0.001489825,13.92176057,0.562490586,,0.01989042,0.008714726,0.002325221,0.000980439,15.54112028,0.546747455,,0.022795842,0.009521485,0.005881133,0.001489825,13.232365,0.180226916,,0.01285004,0.005881133,0.000449235,0.000954279,16.50079498,0.166782823,,0.024396116,0.01285004,0.00574012,,0,0.008567101
201375034,17.20925021,0.22382309,,0.015989115,0.020116875,0.007924952,0.00540668,18.18521939,0.170074854,,0.021998993,0.020116875,0.009438552,0.00540668,16.33270241,0.166397096,,0.010876956,0.009438552,0.005387183,0.003990316,19.27854202,0.076135493,,0.021998993,0.020116875,0.009438552,0.005387183,15.54112028,0.066878164,,0.00851947,0.007838915,,0.003990316,0,0.008680635
201691034,18.18521939,0.110153018,,0.060688338,0.009391732,0.007976296,0.004159525,19.27854202,0.094530727,,0.060688338,0.003973877,0.009391732,0.007791302,17.20925021,0.091725139,,0.014777389,0.009391732,0.007791302,0.002394023,10.26670053,0.060688338,,0.009391732,0.002379924,0.003885304,0.008443772,10.82103958,0.042679418,,0.009253324,0.002254002,0.002970196,0.003885304,0,0.008547285
201534061,16.00658621,0.260896012,,0.133482638,0.054928896,0.111396081,0.045384531,12.03994607,0.241263774,,0.087174305,0.059251758,0.044658633,0.043086081,17.02649374,0.202222532,,0.052754108,0.044626852,0.051357836,0.059251758,15.10196055,0.174476722,,0.087174305,0.045682931,0.059251758,0.044658633,12.70795757,0.160076143,,0.087174305,0.01961543,0.011402002,0.044658633,0,0.187144079
201646800,20,0.317584983,,0.013017222,0.010026757,0.00415419,0.003132394,18.82580772,0.179400853,,0.003229136,0.007419095,0.00415419,0.00130832,12.60802469,0.078636328,,0.007913807,0.001631111,0.002974148,0.002915127,11.95020618,0.052085712,,0.002318711,0.001631111,0.001469996,0.003004447,17.7818426,0.045712293,,0.003229136,0.002311875,0.001631111,0.001110682,0,0.008961131
201488452,0.59028026,0.575274419,0.000384658,0.0978759,0.036460285,0.007296796,0.002120179,0.419583705,0.00498969,0.000749626,0.001532444,0.000871037,0.002792072,0.002792072,0.624783903,0.004934006,0.001393429,0.00097124,0.000813181,0.002628895,0.000613786,0.073826328,0.002984793,0.000577047,0.000270902,,,,0.094857585,0.002792072,0.002628895,0.002025892,,,,0,0.008675538
201193666,0.432963229,0.717227237,0.026574328,0.067515375,0.003938505,0.028335152,0.052274197,0.047111271,0.041090999,0.00240971,,,,,0.060215151,0.022336921,0.006067989,,,,,0.083421863,0.011558863,0.004037092,,,,,0.267209078,0.00665737,0.002960494,0.006067989,0.000564172,0.002377695,0.00177232,1,0.009351645
201460186,20,0.136600996,,0.023576399,0.0055975,0.00714887,0.002102625,18.82580772,0.039811008,,0.009814463,0.002470165,0.002363402,0.002277724,15.84836353,0.029915501,,0.004776717,0.002470165,0.001038676,0.006887631,11.35762667,0.023576399,,0.002470165,0.002277724,0.002128884,0.003447315,0.24604941,0.020302054,0.011040057,0.004792122,0.002525492,0.001933542,0.00132533,0,0.008707425
201458798,0.619373175,0.645696127,0.014939013,0.171445273,0.059821207,0.006268946,0.008668246,0.047644667,0.01123766,0.003054016,,,,,0.044242149,0.010166711,0.004212967,,,,,0.05161414,0.009420887,0.00347888,,,,,0.056307131,0.008668246,0.00347888,,,,,1,0.008734032
201933752,20,0.082424858,,0.038309226,0.027327949,0.018557807,0.011449155,17.02649374,0.079636705,,0.044342486,0.027327949,0.011937681,0.011175224,17.98126902,0.058067943,,0.025686163,0.027327949,0.011937681,0.011175224,16.168,0.052657756,,0.025686163,0.018557807,0.006525709,0.004368952,11.60423687,0.041778037,,0.013600903,0.006525709,0.003473876,0.004662024,0,0.009819056
201715393,0.521200448,0.487885382,0.046637871,0.000798239,0.001819586,0.000282016,0.001584717,0.550174262,0.049729442,0.001467652,0.00044475,0.000210971,0.000282016,0.00145169,0.646709108,0.033932633,0.001173155,0.001109874,0.00023821,0.001819586,0.000120546,0.57919184,0.010807758,0.001173155,0.00044475,0.000210971,0.000217638,0.000120546,0.611907488,0.007248057,0.000562106,0.000448569,0.000166753,0.000217638,0.000120546,0,0.008631386
201253025,6.776912013,0.16985908,0.002663895,0.124522628,0.117516895,0.107526467,0.097481981,0.565504505,0.085950051,0.001551887,0.032181669,0.006053454,0.000636595,0.000636595,0.484648914,0.073348943,0.002306775,0.01832819,0.001510193,0.000636595,0.000602592,0.424022377,0.062870728,0.003357407,0.009174124,0.000494061,0.000513881,0.000714865,0.376965993,0.051583758,0.003357407,0.00377495,0.000494061,0.000582651,0.00068897,1,0.008868718
201438515,17.7818426,0.035877017,,0.008058536,0.03416688,0.013781704,0.005558465,12.80948727,0.034499952,,0.025859233,0.013781704,0.00638404,0.004739527,5.544581619,0.03416688,0.019550796,0.00172471,0.005275622,0.00391229,0.003450324,18.82580772,0.028238949,,0.004564204,0.010854141,0.013781704,0.001709246,16.8475781,0.027633234,,0.008373798,0.002997302,0.001371549,0.001542684,0,0.008520854
201715262,1.05399389,0.512219897,0.00862876,0.229509277,0.137707087,0.06435361,0.023340972,0.175681521,0.007366231,0.00619642,0.000852256,0.001671232,0.001542964,,0.198891668,0.006563006,0.005131188,0.001805222,0.001671232,0.000847819,0.00020869,0.659748859,0.006310849,0.005383166,0.00619642,0.004941933,0.005738205,0.004871596,0.4583256,0.006121736,0.00527783,0.002199998,0.004871596,0.001805222,0.000607199,0,0.009675366
201725399,2.161996295,0.347345156,0.173463215,0.147976578,0.0722437,0.03398561,0.011601465,0.720530204,0.07490201,0.006143207,0.005099866,0.010806459,0.009960809,0.005336128,0.432486434,0.049326866,0.005548205,0.009960809,0.005336128,0.001050443,0.001064177,0.308851397,0.020221262,0.005883858,0.007608808,0.001050443,0.001337563,0.002650691,0.199858586,0.009960809,0.005099866,0.00078553,0.001209608,0.001584662,0.001507159,1,0.010835224
201748885,9.948185186,0.041781309,0.020428225,0.00986758,0.011988343,0.010967695,0.004005458,8.612248102,0.035875398,0.012199418,0.00986758,0.010967695,0.00276761,0.004005458,6.788893505,0.024494694,0.018793049,0.006908308,0.00276761,0.004005458,0.004328648,9.422027015,0.023755509,0.012199418,0.00986758,0.006908308,0.003434991,0.004005458,11.86179414,0.020695976,,0.005473756,0.001531207,0.003736064,0.003736064,0,0.008703677
201576812,6.092371644,0.141031222,0.00287278,0.067927789,0.015498302,0.035745513,0.013637778,2.841896868,0.067927789,0.055219196,0.035745513,0.030117967,0.027729921,0.026043397,0.477290807,0.027661835,0.00132301,0.020690398,0.013422956,0.007809719,0.003164418,0.318167506,0.023354594,0.01559711,0.013422956,0.004061884,0.00142459,0.00082809,6.760268305,0.023258524,0.00287278,0.005886688,0.0037941,0.015498302,0.001681451,0,0.009737979
201814774,1.236955657,0.692252063,0.000238014,0.0030605,0.000302697,0.002970684,0.000242299,1.170150036,0.115892187,0.000671057,0.000298677,0.000251028,0.000133839,0.000242299,0.885719591,0.068257461,0.001173581,0.000302697,0.000133839,0.003256242,0.000360385,1.312925472,0.016410013,0.000244693,0.000626633,0.000133768,0.000766083,9.79E-05,20,0.003677825,,0.00057807,0.000660872,0.000164452,0.001173212,0,0.008653565
201511174,11.95020618,0.776544951,,0.01855036,0.023733935,0.003754362,0.001408027,11.35762667,0.50743588,,0.012584692,0.009262928,0.003263261,0.0011771,12.60802469,0.49585104,,0.01855036,0.004738127,0.004836424,0.000536873,14.96103795,0.175286182,,0.022823862,0.005451914,0.004836424,0.00421459,15.84836353,0.120777525,,0.022823862,0.002540629,0.004638232,0.004836424,0,0.009247211
201855304,14.42270132,0.868789665,,0.011567551,0.014920952,0.002855868,0.000336714,15.24556319,0.641575068,,0.011474958,0.003799781,0.003511901,0.00047616,13.68411675,0.60791572,,0.009307216,0.003799781,0.00047616,0.000502152,16.168,0.219199383,,0.01167364,0.005755715,0.003511901,0.000224022,13.01749271,0.208776118,,0.007225408,0.001251667,,0.000502152,0,0.008614284
201937413,19.51317428,0.05159339,,0.013293602,0.007807267,0.004567748,0.000949823,18.3938494,0.035583167,,0.010785847,0.004740463,0.002568213,0.000949823,13.01749271,0.02856366,,0.004740463,0.000596892,0.001729374,0.003129163,13.80191578,0.014849432,,0.004018007,0.002568213,0.001458322,0.001729374,10.82103958,0.013293602,,0.002648205,0.000233582,0.001729374,0.003368696,0,0.008702037
201484494,18.60732198,0.056000074,,0.01031485,0.006572282,0.007042171,0.005537636,17.58679124,0.046787917,,0.010291944,0.006572282,0.007042171,0.002351578,19.75358815,0.046163612,,0.015734061,0.007340973,0.00644156,0.001478778,16.67238347,0.033068193,,0.010215466,0.004087858,0.001478778,0.00287815,12.03994607,0.029200793,,,,0.00287815,0.003485648,0,0.008666245
201843069,1.096960711,0.173460307,0.005818522,0.150535723,0.135831657,0.10298232,0.073801185,0.091396846,0.043387645,0.002291716,0.003338101,,,,0.078338983,0.024748655,0.014477256,0.002658313,,,,0.365535397,0.021058478,0.002953405,0.002291716,0.014363899,0.012100662,0.011892034,0.219354544,0.017176846,0.002202788,0.012100662,0.011892034,0.004789179,0.002658313,1,0.008824978
201673708,13.12404942,0.576536228,,0.008954956,0.004376254,0.003094495,0.002692533,12.41280103,0.396222571,,0.003266937,0.004239005,0.002692533,0.001391497,13.92176057,0.349534294,,0.010727044,0.005834831,0.002371379,0.002692533,11.77468071,0.093982007,,0.005041352,0.002371379,0.001558544,0.001391497,14.68693823,0.086035769,,0.02912451,0.005834831,0.002371379,,0,0.008578308
201700247,11.0446688,0.65457752,0.032642338,0.113098305,0.019015519,0.009595948,0.002031197,10.46779162,0.387852167,0.032642338,0.061145634,0.009595948,0.00359451,0.002031197,11.68883748,0.355684211,,0.061145634,0.019015519,0.009595948,0.002031197,13.56831151,0.155793636,,0.021512078,0.018829756,0.009595948,0.008919381,12.91265237,0.097908404,,0.021162069,0.018829756,0.009595948,0.000957445,0,0.009511331
201146397,11.19896174,0.696467507,0.025580787,0.09462434,0.006057514,0.006239385,0.002467019,11.86179414,0.411698632,,0.03168712,0.003539561,0.006057514,0.002500843,10.6062866,0.395236971,0.025580787,0.03168712,0.006057514,0.002500843,0.000859888,12.50965125,0.084642753,,0.01837415,0.004830035,0.005808075,0.001680806,9.312573514,0.081773964,0.025580787,0.007213193,0.005198636,,0.001323068,0,0.008628166
201683910,20,0.095028507,,0.030457928,0.009857127,0.004055621,0.004055621,16.67238347,0.08284064,,0.015338464,0.009857127,0.004055621,0.004073908,15.84836353,0.066903226,,0.011957249,0.009763829,0.004055621,0.004073908,17.58679124,0.064768471,,0.011400831,0.009857127,0.004055621,0.003159449,11.95020618,0.046910577,,0.008479267,0.0021951,0.003656085,0.004965349,0,0.008891838
201664689,12.70795757,0.827446203,,0.029985354,0.015530392,0.004012348,0.000537974,12.03994607,0.516189669,,0.024437385,0.005256712,0.000864614,0.000429936,13.45444989,0.493760245,,0.02516091,0.005256712,0.002073698,0.000486636,16.50079498,0.136158804,,0.057700822,0.003743112,0.002069049,0.002073698,14.1678043,0.121172567,,0.028212682,0.003743112,0.002073698,0.000483548,0,0.00863125
201417392,18.3938494,0.180549978,,0.023739822,0.015539445,0.031372439,0.022353463,17.39597255,0.129201499,,0.023739822,0.014772298,0.031372439,0.018714015,19.51317428,0.117367288,,0.016674653,0.022957316,0.014772298,0.022353463,14.1678043,0.102220349,,0.024599937,0.012356458,0.012342367,0.035344236,14.96103795,0.065060664,,0.024599937,0.014772298,0.002632571,0.021691177,0,0.011819986
201193506,0.117792896,0.980899794,0.011756582,0.004259052,0.001359982,,,3.0015047,0.004024267,0.000158076,8.95E-05,0.000208416,0.00026144,0.000324464,0.084025192,0.003488315,0.000793548,0.001359982,,,,0.079563566,0.003080573,0.000900595,0.000360731,,,,0.048249739,0.002933173,0.00047594,,,,,0,0.009108304
201910513,13.12404942,0.174455473,,0.003949442,0.002095693,0.000926405,0.000892805,17.02649374,0.138882513,,0.015192658,0.002297478,0.00119826,0.00075397,12.41280103,0.104849311,,0.003875578,0.00119826,0.000520488,0.000892805,13.92176057,0.102340895,,0.003949442,0.002095693,0.00119826,0.00031734,17.98126902,0.099844241,,0.015192658,0.000427499,0.002095693,0.00119826,0,0.009995559
201731218,13.92176057,0.721365785,,0.266199244,0.003439657,0.002785316,0.001866823,14.68693823,0.547773632,,0.111611156,0.003439657,0.00178456,0.001866823,13.232365,0.527144292,,0.111611156,0.002707056,0.00178456,0.001866823,15.54112028,0.200521897,,0.022920517,0.003933996,0.001609204,0.001372877,12.50965125,0.139639394,,0.003933996,0.001609204,,0.001339318,0,0.01100188
201184068,1.588080812,0.184683038,0.090209763,0.15576934,0.134685294,0.109519975,0.088589631,0.13238186,0.067977586,0.00528423,0.005080125,0.000645307,,,0.113466371,0.046723706,0.020691174,0.001115015,0.000447051,,,0.099286733,0.030188515,0.016474819,0.000784915,,,,0.529462093,0.024736428,0.00541083,0.00528423,0.016474819,0.013208785,0.006653272,1,0.01045677
201582850,14.96103795,0.097776801,,0.009295739,0.004888526,0.003971875,0.001663241,17.39597255,0.094028684,,0.016843507,0.006031196,0.004558105,0.002442352,16.50079498,0.090291738,,0.012097936,0.005834445,0.003258992,0.001654652,18.3938494,0.087246949,,0.019139141,0.006031196,0.002323837,,14.1678043,0.083866996,,0.004554803,,,0.001373196,0,0.008555632
201707257,13.80191578,0.748294742,,0.034287556,0.016965412,0.006912419,0.009685743,14.5536205,0.555499242,,0.031795188,0.008195529,0.007007838,0.00952261,13.12404942,0.510928124,,0.019550127,0.009269919,0.001621826,0.00952261,15.39192304,0.214057689,,0.051844903,0.012687945,0.00791003,0.001403416,11.12128014,0.187857852,0.177406206,0.016536321,0.00791003,0.001617667,0.00684328,0,0.012918001
201571675,20,0.045872252,,0.024671477,0.016970176,0.016965325,0.019936919,14.68693823,0.041179323,,0.035476183,0.016965325,0.019936919,0.013160663,8.050104822,0.035476183,0.025388248,0.016965325,0.008944387,0.010355197,0.010355197,18.82580772,0.032333118,,0.023375363,0.020895203,0.016965325,0.01480083,13.92176057,0.02543641,,,0.016965325,0.01480083,0.011980303,0,0.010004775
201251164,11.43865711,0.62747444,,0.01254996,0.002902314,0.000960336,0.001077115,12.13104396,0.431381327,,0.01254996,0.009805114,0.001127942,0.000813186,10.82103958,0.412036946,0.004509997,0.007919891,0.00114159,0.000245772,0.000813186,12.80948727,0.188498098,,0.017480414,0.011023946,0.001107514,0.000202676,14.82272104,0.124288888,,0.042913347,0.011023946,0.001107514,0.001083269,0,0.008935887
201630905,19.75358815,0.147648287,,0.016991032,0.026041494,0.012348875,0.005869002,18.60732198,0.120572911,,0.027867532,0.012348875,0.002661427,0.005869002,17.58679124,0.062348243,,0.029611388,0.012348875,0.002661427,0.004859094,8.215095631,0.029611388,0.027613343,0.002651421,0.002146245,0.004043989,0.003135036,7.315488665,0.018422371,0.018216421,0.000744122,0.001848773,0.003510603,0.003513619,0,0.009685617
201870289,7.970069948,0.325607537,0.043615823,0.029243563,0.009129994,0.002261203,0.001980435,7.057861265,0.257197964,0.04534743,0.017351494,0.002261203,0.001980435,0.001221062,6.001156503,0.133112918,0.064151005,0.017351494,0.002261203,0.000717996,0.00124418,7.55685005,0.131146919,0.042647286,0.029243563,0.00386156,0.000857196,0.000717996,20,0.099907264,,0.032975467,0.072281299,0.039553656,0.029243563,0,0.008674568
201940505,0.308796817,0.971709712,0.018462242,0.00171567,0.004285045,0.002554782,,0.173608003,0.006159454,0.000624558,0.004628319,0.003404754,0.002554782,,0.09472868,0.004628319,0.000878654,0.000842665,,,,0.595321335,0.003724103,0.000851645,0.000477069,0.000878654,0.001715366,0.001108975,0.417073297,0.002964267,0.0003827,0.00114691,0.001277766,0.001654385,0.000460238,1,0.010075449
201380321,11.95020618,0.351799345,,0.005459315,0.001812996,0.001428713,0.000831862,12.60802469,0.24172673,,0.006257894,0.001812996,0.001016736,0.001012893,11.35762667,0.218244373,,0.004592398,0.001187787,0.001012893,0.001237976,13.34248336,0.079265886,,0.0068027,0.002353288,0.001016736,0.000831862,8.13176341,0.039660069,0.017890382,,,0.002661575,0.001494954,0,0.009056956
201203630,19.65248989,0.438441589,0.22239502,0.010958966,0.001923355,0.00107031,0.000780605,9.312573514,0.265156989,0.221812844,0.007004503,0.001477717,0.000820199,0.000741549,10.39989167,0.211563907,,0.01113572,0.002357891,0.001477717,0.000715745,17.58679124,0.205373022,,0.049503598,0.023412963,0.007004503,0.002357891,16.67238347,0.136218773,,0.005937274,0.021801909,0.003692062,0.002357891,1,0.008639441
201642107,15.39192304,0.673227027,,0.016038588,0.008675019,0.006717449,0.002834839,14.5536205,0.507478466,,0.012911406,0.00651258,0.005868121,0.002545622,16.33270241,0.460242922,,0.024249008,0.011015547,0.006717449,0.002485548,17.20925021,0.201620145,,0.024249008,0.011015547,0.002681404,0.000874607,13.80191578,0.188518904,,0.011015547,0.001805673,,0.002545622,0,0.011938862
201871270,20,0.086298912,,0.033479158,0.017647302,0.014789783,0.007804705,16.8475781,0.072109425,,0.016079995,0.01584907,0.014789783,0.010460827,13.68411675,0.068939326,,0.017647302,0.014789783,0.008308211,0.008204373,17.7818426,0.04792138,,0.016079995,0.01584907,,0.008308211,16.00658621,0.044164695,,0.017647302,0.013264646,0.006413849,0.008308211,0,0.008640663
201810513,1.645957708,0.119234453,0.01453582,0.113273499,0.091037873,0.086095643,0.0729732,0.13721978,0.064899929,0.005451503,0.017457234,0.001092255,,,0.117620068,0.05408857,0.005451503,0.008272711,0.000137223,,,0.102912996,0.042841465,0.002233938,0.002536786,,,,0.091480284,0.035325034,0.001607532,0.000506213,,,,1,0.008654927
201462240,9.366980534,0.689022214,0.099205123,0.014176916,0.003392844,0.001083542,0.000951083,8.899060244,0.38158956,0.094518514,0.007429264,0.002593124,0.000876791,0.000951083,9.88683909,0.344303239,0.061854479,0.015910844,0.003653957,0.001928658,0.000697265,6.486755862,0.108170057,0.018326248,0.003653957,0.000697265,0.001044436,0.000964211,16.8475781,0.061675012,,0.034894248,0.026288686,0.004164744,0.003653957,0,0.008595067
201552908,19.27854202,0.065884868,,0.016111574,0.009896404,0.002610697,0.004647444,12.31743893,0.052318706,,0.003573937,0.001980478,0.004647444,0.002113252,18.18521939,0.048622452,,0.015694607,0.003573937,0.00238726,0.004647444,15.10196055,0.038975698,,0.010707712,0.003573937,0.004647444,0.004502303,11.68883748,0.023758396,,0.003573937,,0.001811352,0.002113252,0,0.008705392
201415414,20,0.153688936,,0.042142264,0.00973036,0.006684714,0.006684714,13.45444989,0.062589573,,0.00973036,0.006684714,0.003606881,0.004750764,18.82580772,0.058803079,,0.015953306,0.008532722,0.003906024,0.003906024,11.43865711,0.043330126,,0.006536026,0.003906024,0.003606881,0.004750764,16.33270241,0.035159816,,0.017499224,0.002721056,0.003906024,0.003606881,0,0.008763643
201617930,12.60802469,0.069267988,,0.034396306,0.003711576,0.0035547,0.002350755,16.00658621,0.045490146,,0.034976278,0.010174681,0.003371497,0.0035547,20,0.041602111,,0.028312904,0.034976278,0.008877283,0.003371497,11.95020618,0.037028785,,0.010174681,0.0035547,0.001429333,0.001495911,13.34248336,0.036728758,,0.034976278,0.003666304,0.0035547,0.000481516,0,0.008528515
201419249,12.60802469,0.576230214,,0.206055935,0.006554762,0.003133714,0.002664094,11.95020618,0.356818381,,0.206055935,0.006554762,0.002664094,0.00161439,13.34248336,0.301995971,,0.012027727,0.017922414,0.006554762,0.002664094,5.642140837,0.206055935,0.178101632,0.001319176,0.001391933,0.001017348,0.00077617,10.46779162,0.178101632,0.022531919,0.056865956,0.006554762,,0.001105651,0,0.008665911
201751532,17.20925021,0.036302265,,0.016449539,0.013809414,0.00802862,0.011209431,18.18521939,0.030478941,,0.023171793,0.0175452,0.009188867,0.008213588,16.33270241,0.027828532,,0.016449539,0.009188867,0.007999041,0.010416972,20,0.027698451,,0.023171793,0.0175452,0.009188867,0.007573887,12.22353091,0.019039819,,,,0.010416972,0.008718276,0,0.009441021
201634844,20,0.061166343,,0.032673971,0.022891241,0.028240555,0.020195682,15.84836353,0.039384962,,0.018970763,0.022322846,0.020195682,0.025946619,10.8945696,0.032673971,,0.019262183,0.024520049,0.015322576,0.014511154,3.410076862,0.024520049,0.018870115,0.015663073,0.010011341,0.006331182,0.007064052,4.658518092,0.020869545,0.010917381,0.012797605,0.007625184,0.010011341,0.00735064,0,0.008595921
201545555,18.82580772,0.04360003,,0.026321461,0.014892112,0.014539137,0.008714324,17.7818426,0.035644576,,0.026321461,0.00876146,0.014539137,0.008714324,20,0.03454673,,0.026321461,0.00876146,0.008339843,0.008714324,2.333207758,0.022777063,0.004291903,0.005725437,0.004588552,0.006867208,0.003200838,16.8475781,0.016404042,,0.007461638,0.008339843,0.002282391,0.007931505,0,0.010783553
201152399,11.27773617,0.707512212,,0.085321678,0.009057641,0.001511455,0.001607407,11.95020618,0.442933893,,0.043616179,0.009057641,0.002160238,0.001514314,10.67691752,0.442603052,0.023576769,0.015215049,0.002747746,0.001195115,0.001607407,9.258794879,0.126892803,0.026375968,0.011070116,0.001508865,0.001195115,0.001236918,12.60802469,0.118989336,,0.043616179,0.009057641,0.001508865,0.001195115,0,0.009635248
201518712,11.35762667,0.640220495,,0.15669941,0.004650509,0.003442372,0.001357275,10.74849545,0.38411463,0.007211629,0.15669941,0.006332908,0.002758938,0.000831116,12.03994607,0.378359068,,0.076911928,0.004646887,0.006332908,0.000969864,12.70795757,0.081875679,,0.013387467,0.008663716,0.006332908,0.000969864,10.20137616,0.072555884,0.011512699,0.021271533,0.00553514,,0.000197968,0,0.008620967
201896663,11.27773617,0.470609556,,0.020267297,0.0055624,0.001379763,0.003893093,10.67691752,0.305259102,0.084158221,0.015647608,0.005554967,0.001053603,0.003893093,11.95020618,0.261122561,,0.009201003,0.005912376,0.002302674,0.000693819,20,0.084158221,,0.051834429,0.036263298,0.013573227,0.005912376,7.970069948,0.055021898,0.052980895,0.005912376,0.000693819,0.002855829,0.004286457,0,0.012482614
201723461,19.75358815,0.030045055,,0.004680913,0.014219426,0.010041138,0.011378081,18.60732198,0.025195383,,0.003401375,0.010041138,0.009061358,0.011378081,1.881441594,0.015977468,0.003932001,0.014320547,0.01121313,0.01038777,0.01064354,7.628763572,0.015085125,0.01191812,0.003938684,0.010640604,0.010927661,0.009351741,17.58679124,0.014033821,,0.007580495,0.010041138,0.007532248,0.006600368,0,0.008563928
201318538,18.18521939,0.880205102,,0.018074123,0.003836058,0.002250063,0.001000247,17.20925021,0.758673176,,0.017923459,0.003434744,0.002193187,0.000900323,19.27854202,0.717552776,,0.012056643,0.003959091,0.002193187,0.000976031,16.33270241,0.423717906,,0.009908348,0.001280898,0.000975092,0.000890586,15.54112028,0.126136469,,0.005604406,0.000653692,,0.000615685,0,0.009019754
201921381,0.560186004,0.809563611,0.0440329,0.066488648,0.039100395,0.0105542,0.002770791,0.186730461,0.013770417,0.000337003,0.002319579,0.002770791,0.002535724,0.002535724,0.112039138,0.004400243,0.002147151,0.002188482,0.002535724,,,1.966839453,0.003071035,0.000221448,0.000661532,0.00059465,0.000781659,0.000456501,0.130762334,0.002539865,0.001839643,0.00011493,0.002535724,,,1,0.008723832
201634054,20,0.068923439,,0.014563019,0.006797431,0.007810219,0.005570243,15.10196055,0.060114349,,0.005633263,0.006381872,0.005570243,0.003104371,18.82580772,0.037582345,,0.014563019,0.006780848,0.006381872,0.005570243,14.29411655,0.036451758,,0.005476845,0.005570243,0.003104371,0.002607206,16.00658621,0.035758547,,0.006674347,0.004736064,0.005570243,0.003104371,0,0.008940871
201602854,0.046910024,0.399967029,0.000915465,,,,,0.055327815,0.313121393,0.001091583,,,,,0.177943306,0.00523202,0.001401718,0.000865468,0.00113307,0.001538688,,0.650645791,0.002793357,0.000266704,0.001291252,0.001478503,0.000972261,0.001269543,0.0513661,0.001992743,0.000865468,,,,,0,0.008697916
201246763,10.8945696,0.031090871,0.005985005,0.028738643,0.022630987,0.026936114,0.025670224,2.924846994,0.026936114,0.02026972,0.022380884,0.018968923,0.013712503,0.0102514,2.306357062,0.025670224,0.014338523,0.019233252,0.013712503,0.008916353,0.005229518,15.54112028,0.022756991,,0.022262828,0.012006879,0.019683351,0.013533814,8.475664938,0.022262828,0.018285894,0.012088355,0.014549181,0.021971023,0.021971023,0,0.009312127
201626606,18.60732198,0.134544943,,0.04146371,0.019273172,0.003549039,0.005148858,19.75358815,0.124751114,,0.04058595,0.019273172,0.005376163,0.002442757,17.58679124,0.120255968,,0.019318273,0.01267091,0.001200432,0.005192805,16.67238347,0.096253415,,0.019709287,0.005376163,0.000535827,0.008175506,13.12404942,0.077386672,,0.019273172,,0.008175506,0.004659396,0,0.008644645
201318977,7.592636533,0.723249237,0.053652632,0.004540945,0.001220033,0.001247698,0.000513181,7.216704098,0.263830026,0.074224157,0.004242765,0.00053604,0.001176177,0.000377045,8.009887462,0.254380514,0.043476504,0.007021968,0.00145741,0.001176177,0.000352247,8.899060244,0.092219971,0.031926496,0.025543122,0.004242765,0.000346641,0.000352247,12.41280103,0.085256476,,0.025649258,0.004318899,0.004242765,9.71E-05,0,0.008622246
201537170,18.60732198,0.057986062,,0.014799833,0.005879653,0.007259378,0.003245361,17.58679124,0.054257422,,0.014943141,0.003106118,0.005175665,0.004762417,19.75358815,0.05377745,,0.008253419,0.005879653,0.002359659,0.001063528,16.67238347,0.044276059,,0.014943141,0.002359659,0.000629812,0.004762417,15.84836353,0.030384587,,0.011111595,0.000725921,,0.004178712,0,0.00859308
201193591,18.9554486,0.039732641,0.029421148,0.011239494,0.010188077,0.006020287,0.010858839,13.01749271,0.036209623,,0.016690978,0.007897829,0.006752827,0.00400244,10.96910574,0.030356758,0.029421148,0.009993188,0.009009659,0.00409267,0.008393469,20,0.029421148,,0.0134454,0.02680959,0.006362209,0.007673456,7.665236052,0.027513512,0.022822457,0.006288979,0.002620923,0.008393469,0.006576642,1,0.008775917
201507195,20,0.032548376,,0.02160168,0.026245892,0.024263832,0.008925579,6.023703262,0.026245892,0.02160168,0.008978054,0.020080677,0.00271083,0.007113471,15.84836353,0.022254576,,0.013230885,0.013518392,0.008466206,0.006725644,11.0446688,0.02160168,,0.00148289,0.005110227,0.008978054,0.00758983,13.34248336,0.019201045,,0.010971724,0.008925579,0.003052919,0.005683631,0,0.008570068
201610136,18.82580772,0.32753166,,0.264210194,0.041623344,0.021159829,0.002044483,17.7818426,0.308684422,,0.264210194,0.041623344,0.008917524,0.002044483,20,0.305616536,,0.008245377,0.028775737,0.021159829,0.001663585,16.8475781,0.242141512,,0.098506079,0.021159829,0.000667763,0.000953381,16.00658621,0.158400596,,0.026698383,0.020677961,,0.001137218,0,0.008685196
201914571,19.75358815,0.034196355,,0.005646207,0.005057236,0.006136191,0.011186477,18.60732198,0.028562407,,0.007283473,0.008370224,0.006136191,0.010962559,12.13104396,0.022793397,,0.008370224,0.002727773,0.01490914,0.011919106,0.245409163,0.018016559,0.010199296,0.004297525,0.004439974,0.003481399,0.003120812,0.953116138,0.015028723,0.009979216,0.008514262,0.010215919,0.011163736,0.009193608,0,0.014083259
201386598,16.168,0.12758945,,0.052170422,0.01530756,0.00923298,0.003616887,20,0.115549979,,0.093382746,0.012888793,0.013276594,0.00923298,15.39192304,0.102077763,,0.017241003,0.01530756,0.00923298,0.003616887,17.02649374,0.091687068,,0.081004109,0.01530756,0.00923298,0.003616887,9.4777243,0.081004109,0.03924232,0.003644612,0.001394409,0.002024104,0.005896348,0,0.008602226
201572722,20,0.082348105,,0.022255406,0.012619613,0.005925437,0.002379491,15.39192304,0.036711962,,0.002490002,0.005925437,0.002379491,0.002511872,18.82580772,0.031339421,,0.013420633,0.005925437,0.002379491,0.001857052,14.5536205,0.02796953,,0.002472236,0.003134233,0.00110863,0.002511872,16.33270241,0.022485022,,0.002490002,0.005925437,0.002379491,0.001003874,0,0.008712493
201850413,0.067961822,0.852100716,0.002715182,,,,,0.082998646,0.021746137,0.003074551,0.006009172,,,,0.043719768,0.004151792,0.003070594,,,,,0.053212405,0.00348571,0.001447244,,,,,0.403633426,0.003309735,0.000573743,0.00020893,0.002715182,0.003070594,0.002457365,0,0.008662472
201379113,11.68883748,0.015522766,,0.006677545,0.006981055,0.008847179,0.008847179,7.120551857,0.01197005,0.006728047,0.006565592,0.008847179,0.006983707,0.008371782,20,0.011703163,,0.008419852,0.00400957,0.006588351,0.006981055,2.649357997,0.008847179,0.006555991,0.008371782,0.007302897,0.007328194,0.006797928,11.12128014,0.008419852,,0.00400957,0.006333264,0.004259977,0.006385302,0,0.008616342
201775723,14.96103795,0.053308022,,0.013726338,0.008149494,0.005086811,0.003822388,12.22353091,0.03988627,,0.012275263,0.005785404,0.001901573,0.006833618,19.0494853,0.030264684,,0.019338858,0.007101788,0.008149494,0.005785404,14.1678043,0.03016406,,0.011459585,0.008013492,0.001901573,0.00274187,15.84836353,0.026039632,,0.013726338,0.008149494,0.005785404,0.001901573,0,0.008636379
201382417,10.40545759,0.140066933,0.000766262,0.114841346,0.03410974,0.112610662,0.034618943,0.866102482,0.102737982,0.001045714,0.046372222,0.033420208,0.017001827,0.005404529,0.64959133,0.087152454,0.001681137,0.039011159,0.017001827,0.00532638,0.000681894,0.519848509,0.057729583,0.001215894,0.021484159,0.005404529,0.000490542,0.000564416,0.37129164,0.039912115,0.032778857,0.008535078,0.000490542,0.000582156,0.000624461,1,0.009054249
201571178,18.3938494,0.095153027,,0.047254236,0.01184976,0.010300834,0.010300834,19.51317428,0.085269363,,0.045992335,0.005503248,0.011324404,0.010300834,13.80191578,0.083413276,,0.007130173,0.010300834,0.005719154,0.007097191,17.39597255,0.080612045,,0.047254236,0.01184976,0.010300834,0.005719154,13.12404942,0.058412585,,0.005503248,0.010009917,0.007097191,0.005727942,0,0.00857154
201567780,19.0494853,0.176505082,,0.031595535,0.014593561,0.006371091,0.006512056,17.98126902,0.12483372,,0.014630799,0.014593561,0.006512056,0.009786731,17.02649374,0.045441857,,0.024020044,0.006371091,0.006512056,0.009786731,12.60802469,0.031718855,,0.006601346,0.006512056,0.00183212,0.003914939,10.74849545,0.031595535,,0.006371091,,0.002036281,0.010023533,0,0.008812826
201928270,0.325603511,0.962667481,0.025011296,0.000995103,0.002828327,0.00232124,,0.484648914,0.005424545,0.000554897,0.001617052,0.001828538,0.001551652,0.00380506,0.140576533,0.002563146,0.001043987,0.002549479,0.00232124,,,0.044529682,0.00232124,0.000856879,,,,,0.178220225,0.001828538,0.000654734,,0.001188646,0.00073358,,1,0.010584062
201871951,1.827818794,0.565251382,0.000882198,0.040878715,0.005951903,0.000240983,0.000232383,1.924347133,0.139914891,0.000882198,0.0020922,0.000308173,0.000117616,0.000240983,1.727385395,0.020842254,0.001180912,0.002358472,0.000263699,0.000240983,0.000232383,2.029068216,0.008204014,0.000380339,0.0020922,0.000220112,0.000117616,0.000162463,2.140114254,0.006714454,0.000235866,0.000710591,0.000874374,0.000117616,,0,0.008572263
201680569,0.784744898,0.440296621,0.002318851,0.302036873,0.197153157,0.100746512,0.043381232,0.06539494,0.013526712,0.000866767,,,,,0.261585152,0.00572846,0.000839536,0.000866767,0.001856192,0.001182946,0.003951563,0.056047308,0.003951563,0.002376857,,,,,0.156952781,0.003491386,0.001754155,0.001182946,0.001004292,0.001415902,,1,0.008593029
201434469,0.981712571,0.28071216,0.003051103,0.002246704,0.001134482,0.000377193,0.000750112,1.143445046,0.239771192,0.001251045,0.003442995,0.000586403,0.000377193,0.000249836,0.90471181,0.051349833,0.002364968,0.001304168,0.000324315,0.000179434,0.000223707,1.335898511,0.035413681,0.002313983,0.010181152,0.000586403,0.000301161,0.000249836,1.210799732,0.03072352,0.000469382,0.003442995,0.000586403,,3.19E-05,0,0.008728336
201540013,0.807233335,0.780662501,0.001748712,0.139827231,0.02231831,0.002818593,0.006197317,0.352205723,0.01337647,0.010885084,0.002363895,0.002974644,0.002485523,0.003999605,0.855930258,0.012892342,0.001437806,0.003006102,0.001911878,0.001178317,0.002067641,0.74255492,0.010885084,0.002277251,0.002278573,0.002975655,0.002067641,0.006197317,0.931519411,0.007543935,0.001582448,0.003800186,0.001911878,0.001017368,,0,0.012292576
201700240,12.50965125,0.679132204,,0.041580382,0.010585515,0.002387904,0.002763812,11.86179414,0.49859794,,0.02806589,0.010585515,0.002763812,0.00263958,13.232365,0.412634482,,0.013922045,0.024274346,0.002817747,0.002763812,11.27773617,0.196945507,,0.024274346,0.002817747,0.002135704,0.001722564,14.04370486,0.079227366,,0.018113241,0.024274346,0.001950201,,0,0.009004725
201674814,13.56831151,0.088551628,,0.01706254,0.011262247,0.003917548,0.001376901,14.29411655,0.064479516,,0.019366659,0.011262247,0.001703691,0.000896825,12.91265237,0.06132875,,0.010172236,0.004278555,0.000896825,0.00233494,11.35762667,0.030006535,,0.01307634,0.001237045,0.000276929,0.00233494,12.22353091,0.024916683,,0.00051983,0.00037832,0.000276929,0.002159554,0,0.009068506
201704541,0.411357182,0.925791946,0.020608788,0.061104287,0.00423857,0.003092817,0.002941296,0.137114164,0.00413803,0.003522658,0.002994483,0.00295911,,,0.303530571,0.003522659,0.000402722,0.000275193,0.002463221,0.002994483,0.003092817,1.275328721,0.002968499,7.69E-05,0.000268351,0.000157876,0.000211536,0.000351349,0.064386487,0.002789381,0.000152274,,,,,1,0.008572521
201671506,1.413637912,0.83278771,0.00508509,0.018990789,0.003279101,0.002297864,0.006200888,1.488442947,0.350676983,0.00508509,0.005652559,0.001721239,0.003279101,0.003834434,1.345992064,0.118914164,0.004559351,0.004267977,0.003279101,0.002255355,0.001453234,1.617590065,0.034543466,0.00508509,0.005652559,0.001983464,0.003279101,0.000737434,1.259301529,0.022081514,0.004559351,0.001983464,0.000239334,,0.001701473,0,0.024392985
201499998,17.13246776,0.715605429,0.029215318,0.019598124,0.004702153,0.001146569,0.00113485,9.049751361,0.351494673,0.028984228,0.019598124,0.004234756,0.000897443,0.000897443,8.13176341,0.334704334,0.028984228,0.004753734,0.000761116,0.000897443,0.000402883,10.39989167,0.070652263,0.014058051,0.021607138,0.00218699,0.000761116,0.000137747,7.315488665,0.050665528,0.035399719,0.00218699,0.000761116,0.000137747,0.000402883,1,0.00868714
201817375,15.39192304,0.059082098,,0.007028822,0.008860552,0.007197395,0.0112566,14.5536205,0.040743367,,0.010254554,0.008860552,0.0112566,0.010330477,16.33270241,0.039457577,,0.007028822,0.003126569,0.007072013,0.0112566,17.20925021,0.014282575,,0.007028822,0.010254554,0.005285341,0.001413098,13.80191578,0.012136054,,0.010254554,0.003138988,,0.005986598,0,0.008738576
201790080,0.139427389,0.98768028,0.000136226,0.01943825,0.003240462,,,0.088883683,0.003865199,0.003290197,0.002705015,,,,0.323234925,0.003322577,8.86E-05,0.000419318,0.002522462,0.002533731,0.002964918,0.197495192,0.003290197,8.86E-05,0.000170556,0.000168693,0.003240462,5.80E-05,1.015282515,0.003125715,9.70E-05,0.000114515,0.000160689,0.000113383,0.000191332,0,0.00858122
201567820,20,0.048549951,,0.044841309,0.037435751,0.021210683,0.016898874,8.386991089,0.043689908,0.025082376,0.020135417,0.012682784,0.005491173,0.004032075,5.934517692,0.037435751,0.035325572,0.012682784,0.004716802,0.002330243,0.003365134,9.4777243,0.033284423,0.015169407,0.020677651,0.011813291,0.005284625,0.004032075,11.27773617,0.032517231,,0.020894775,0.012705043,0.005011009,0.004716802,0,0.008770222
201330013,14.68693823,0.66534214,,0.008519896,0.000988798,0.002356223,0.002356223,13.92176057,0.524219642,,0.002698875,0.00169966,0.002356223,0.00063652,15.54112028,0.481345107,,0.013452128,0.001169322,0.00169966,0.002184109,13.232365,0.251259109,,0.00169154,0.00169966,0.002184109,0.000664348,16.50079498,0.154517782,,0.022259343,0.001169322,0.001580701,,0,0.009207576
201656525,7.628763572,0.690505868,0.078726514,0.002715183,0.001025456,0.000466224,0.000737865,8.050104822,0.302275422,0.098672781,0.003847209,0.001025456,0.000466224,0.000737865,7.249334516,0.237050613,0.078726514,0.001649293,0.000616022,0.000466224,0.000504743,19.0494853,0.106839076,,0.056817763,0.031720438,0.03428482,0.002622826,17.98126902,0.085324544,,0.056817763,0.030963947,0.032311159,0.001543024,0,0.008591348
201603595,14.29411655,0.654128013,,0.006564798,0.002122546,0.000967045,0.000841065,13.56831151,0.45729718,,0.007072084,0.001460603,0.000713767,0.000856274,15.10196055,0.45242507,,0.006771591,0.002122546,0.000971174,0.000585184,12.91265237,0.195010043,,0.007493315,0.000971174,0.000150068,0.000856274,19.0494853,0.164251076,,0.033892673,0.007493315,0.002122546,0.000971174,0,0.009504823
201371436,20,0.071872578,,0.008175051,0.00716995,0.00286886,0.006014678,16.00658621,0.070882889,,0.005338608,0.002561021,0.005673828,0.006955641,15.10196055,0.05558445,,0.003932144,0.002403339,0.006955641,0.006955641,17.02649374,0.05227677,,0.008175051,0.00510076,0.005673828,0.006955641,18.82580772,0.051852506,,0.008175051,0.00510076,0.002403339,0.002700548,0,0.00860554
201518531,20,0.096696557,,0.033046751,0.032074828,0.012375609,0.015725964,18.82580772,0.058178217,,0.033046751,0.020110378,0.012375609,0.015725964,17.7818426,0.03492861,,0.017930477,0.012871085,0.011315197,0.013116323,7.451486455,0.032074828,0.026806761,0.013116323,0.018377854,0.022048592,0.005343046,13.68411675,0.026806761,,0.0019189,0.011315197,0.013116323,0.026504935,0,0.008574395
201839237,20,0.131168167,,0.019735863,0.008374784,0.006799895,0.003758352,18.82580772,0.093510226,,0.010794698,0.008374784,0.005444038,0.003758352,14.68693823,0.073105601,,0.008374784,0.005444038,0.003683323,0.006589813,15.54112028,0.049592438,,0.010794698,0.005444038,0.001123616,0.004707089,17.7818426,0.049107984,,0.010794698,0.001969296,0.001123616,0.002149728,0,0.012395402
201824843,15.10196055,0.049755992,,0.011346536,0.009525443,0.011623349,0.007785271,20,0.0357692,,0.011917911,0.014937175,0.009525443,0.011623349,16.00658621,0.030582979,,0.011162725,0.009525443,0.011623349,0.006124867,14.29411655,0.029830315,,0.001683873,0.011520848,0.004263191,0.006023982,18.82580772,0.020923099,,0.011917911,0.00801977,0.011623349,0.011623349,0,0.009157374
201884852,0.246655055,0.022159282,0.006596886,0.005059143,0.0025853,0.002395429,0.001174563,7.70205895,0.021803138,0.005112014,0.003290579,0.013109464,0.012973797,0.009246666,10.74849545,0.020588913,0.015937687,0.004226126,0.005154033,0.012958471,0.013167501,20,0.015937687,,0.014657371,0.005045414,0.00571108,0.00571108,2.443438338,0.012958471,0.00571108,0.006228369,0.006061931,0.008885348,0.004712915,0,0.008609823
201589262,14.1678043,0.019471356,,0.010795995,0.015833761,0.004211069,0.007054349,17.58679124,0.019225041,,0.002846836,0.01328887,0.00968444,0.004211069,2.016309428,0.018279343,0.003966932,0.013533378,0.011121403,0.010532612,0.00731957,18.60732198,0.017945198,,0.002916481,0.008814309,0.015833761,0.003966932,20,0.017475688,,0.002916481,0.00407162,0.015833761,,0,0.008624402
201552030,0.311587376,0.935089859,0.008815361,0.101449513,0.015312002,0.002426119,,0.10385965,0.003360307,0.000400499,0.001965075,,,,0.171914024,0.003243977,0.000211224,0.002498252,0.001965075,0.002609495,,0.427185741,0.00290247,0.00013409,0.000310122,0.000597997,0.002498252,0.002498252,0.071559328,0.002727145,0.000528875,,,,,1,0.008773106
201890494,2.532527169,0.150990652,0.05639113,0.103275883,0.092161339,0.07835977,0.066496395,0.211372931,0.054406236,0.006696744,0.012198457,0.001280978,0.00045044,0.000394979,0.181180773,0.033762948,0.018916494,0.004679011,0.000636945,0.000418666,,0.845548041,0.02905284,0.007201113,0.006696744,0.013821305,0.010184095,0.024512331,0.158535785,0.024512331,0.003016137,0.00154664,0.000418666,,,1,0.00941127
201198562,14.42270132,0.116388407,,0.00896097,0.008754925,0.008846174,0.00841459,13.68411675,0.089083428,,0.00649172,0.002923079,0.008846174,0.00529581,15.24556319,0.088736909,,0.00896097,0.008754925,0.00136239,0.004578845,16.168,0.046623319,,0.02256926,0.008754925,0.001194301,0.00441676,13.01749271,0.040103486,,0.00685245,0.000637241,,0.002717873,0,0.008712035
201695625,0.584381392,0.938491205,0.00844792,0.042408004,0.000533508,0.003805718,0.00306816,0.194783916,0.005770634,0.000709412,0.000533508,0.00306816,0.003634272,0.002193304,1.523809146,0.003895775,0.000265945,0.000814926,0.00045453,0.000731366,0.001815319,0.133295357,0.003486713,0.001815319,0.000234594,0.002193304,,,0.086355935,0.003293579,0.000494438,0.002193304,,,,1,0.0090884
201802433,1.940651904,0.009636686,0.005680485,0.00235575,0.003933579,0.002869616,0.001687207,14.04370486,0.007269418,,0.006356355,0.005376794,0.005680485,0.006300068,2.962680061,0.006300068,0.005967612,0.002439025,0.001705346,0.005426128,0.003933579,8.30015347,0.006082158,0.005372513,0.005362529,0.005923819,0.005652112,0.005188031,0.81337615,0.005426128,0.002589734,0.001449394,0.005255465,0.001371952,0.000834102,0,0.009419768
201422314,12.70795757,0.065525031,,0.009392025,0.007184013,0.004114179,0.003430261,12.03994607,0.046474467,,0.007597133,0.007184013,0.001409481,0.003430261,9.258794879,0.044432371,0.023774452,0.007184013,0.001403625,0.00337537,0.010580711,13.45444989,0.042547776,,0.010588355,0.003939427,0.004964957,0.001409481,8.801356911,0.034228976,0.023774452,0.003939427,7.48E-05,0.010580711,0.010580711,0,0.008630815
201565020,13.56831151,0.841086841,,0.058969503,0.010885339,0.002883219,0.001379018,12.91265237,0.617266437,,0.030077222,0.00495613,0.002328164,0.000819058,14.29411655,0.592661204,,0.016347299,0.011207502,0.004168935,0.001379018,15.10196055,0.183018958,,0.030000624,0.011207502,0.004800528,0.001379018,12.22353091,0.168284349,,0.029924007,0.004800528,,0.000819058,0,0.008704916
201579626,20,0.046007022,,0.018184398,0.017068278,0.016460932,0.005533936,15.84836353,0.019873271,,0.005833108,0.016460932,0.003884898,0.010581406,13.68411675,0.018907143,,0.007966466,0.003884898,0.003828127,0.010581406,11.27773617,0.016516989,,0.016460932,0.003557754,0.010581406,0.008678248,9.4777243,0.016195041,0.012711461,0.003884898,0.00623368,0.004356531,0.008678248,0,0.008553737
201904174,0.252703554,0.986234154,0.009868116,0.003025345,0.000181211,,,0.083382816,0.003940883,0.000201144,0.000181211,,,,0.119025903,0.003620669,0.003591826,0.000220977,0.000181211,,,0.04962979,0.003574932,0.000226564,,,,,4.119843356,0.003235363,3.83E-05,5.26E-05,0.000193175,8.40E-05,0.00013877,1,0.008547937
201720987,20,0.082088043,,0.012687454,0.006058104,0.002842839,0.001459321,18.82580772,0.071727808,,0.004840915,0.002842839,0.001459321,0.003494508,17.7818426,0.0632092,,0.007808701,0.002842839,0.0012874,0.006678558,16.8475781,0.057207552,,0.008152971,0.002598969,0.000127453,0.007256856,16.00658621,0.046650748,,0.008152971,6.31E-05,,0.013142471,0,0.008633497
201711578,7.057861265,0.642469653,0.104354779,0.006118386,0.001125131,0.001185549,0.000979539,7.451486455,0.187490102,0.117932865,0.006118386,0.002724705,0.001272721,0.000979539,6.703736034,0.162621442,0.104354779,0.003478614,0.001272721,0.000842406,0.000764445,16.8475781,0.117932865,,0.044323376,0.035850659,0.005916211,0.002399277,16.00658621,0.101707286,,0.044323376,0.009454013,0.005916211,0.002399277,0,0.008661423
201621305,20,0.053526409,,0.031185648,0.005609273,0.004604077,0.004881007,18.82580772,0.039596888,,0.020509786,0.003367671,0.004604077,0.003430995,14.29411655,0.035750824,,0.00836192,0.004064679,0.000779053,0.003017711,17.7818426,0.030011636,,0.008052276,0.00414529,0.001288863,0.000416821,13.56831151,0.026751548,,0.007736015,0.001287694,0.00144548,0.002223218,0,0.008596495
201615127,13.92176057,0.464336844,,0.008256667,0.004567078,0.002464253,0.002464253,13.232365,0.361224482,,0.008256667,0.002894471,0.002464253,0.000825843,14.68693823,0.346587924,,0.009869217,0.004567078,0.002894471,0.002464253,15.54112028,0.13593884,,0.017591778,0.004567078,0.002894471,0.002464253,12.50965125,0.135913613,,0.008256667,0.002894471,,0.000825843,0,0.00858009
201220442,10.07318993,0.479774916,0.055795815,0.039549929,0.010028616,0.004949322,0.004949322,9.591117994,0.327124191,0.068251249,0.039549929,0.005816188,0.004949322,0.002185202,10.6062866,0.317367135,,0.039549929,0.003484887,0.005816188,0.004949322,12.41280103,0.312055001,,0.020933227,0.004962405,0.005816188,0.004949322,11.77468071,0.237710597,,0.020933227,0.002236844,0.005816188,0.004949322,0,0.015631514
201768602,19.75358815,0.121693432,,0.005873153,0.004929074,0.003481939,0.003363987,18.60732198,0.11847383,,0.005986517,0.002725434,0.002023922,0.004000597,17.58679124,0.114232639,,0.005986517,0.003481939,0.001018279,0.005258919,16.67238347,0.094325936,,0.004966828,0.003481939,0.000870942,0.005258919,15.84836353,0.060439711,,0.004966828,0.001710621,,0.00349665,0,0.00985663
201832116,1.205338155,0.487128489,0.001051822,0.002024087,0.001061333,0.001849548,0.000679564,1.002584856,0.142151637,0.001338186,0.001605464,0.001061333,0.000441244,0.001981747,1.273303047,0.053623184,0.001204724,0.001494294,0.000416055,0.000464248,0.000441244,1.117931772,0.041463956,0.000309522,0.001605464,0.001061333,0.000441244,0.000376413,1.064490688,0.011900839,0.001238305,0.000801537,0.000259987,,0.000282472,0,0.009342056
201185922,17.02649374,0.142415555,,0.036975001,0.002835522,0.009711762,0.027025862,17.98126902,0.138966786,,0.039735194,0.003468551,0.009019514,0.025843975,16.168,0.138473767,,0.03441476,0.003298693,0.009019514,0.025843975,19.0494853,0.129404628,,0.039735194,0.013610149,0.003298693,0.001328998,15.39192304,0.126894191,,0.02855848,0.002992019,,0.024380411,0,0.074630674
201927431,17.7818426,0.171035241,,0.028374928,0.011824596,0.005575704,0.002502956,16.8475781,0.142160294,,0.020830711,0.011824596,0.004395395,0.008712014,18.82580772,0.134973048,,0.028374928,0.011824596,0.005575704,0.001177174,20,0.076093044,,0.027874877,0.010549042,0.005424075,0.000788896,16.00658621,0.075749624,,0.007318112,0.005137167,,0.008712014,0,0.009287439
201384087,10.07318993,0.523427874,0.036230198,0.038736699,0.003520845,0.001612651,0.000829674,12.22353091,0.360240886,,0.011106071,0.008619294,0.001713653,0.000719749,9.591117994,0.310695835,0.030485958,0.031408743,0.00255162,0.000817552,0.000856171,10.6062866,0.262722581,,0.031408743,0.002998043,0.000755774,0.000817552,12.91265237,0.213378085,,0.011106071,0.002861105,0.000755774,0.000755774,0,0.008688648
201159302,18.82580772,0.031637112,,0.011323704,0.013805566,0.015671409,0.014733751,12.31743893,0.025937501,,0.013805566,0.015671409,0.013648258,0.011087257,17.7818426,0.023292314,,0.011297425,0.013805566,0.015671409,0.009911234,20,0.02194196,,0.011297425,0.013932433,0.009072713,,1.787072243,0.017244959,0.009911234,0.012588748,0.005815976,0.010358349,0.007009532,0,0.014879702
201536956,0.630682345,0.663706143,0.000340524,0.179143638,0.076241095,0.029571692,0.007796383,0.401108928,0.00529941,0.000768161,0.000791403,0.001203413,0.002896122,0.001830266,0.595542466,0.004271579,0.002258274,0.001094394,0.002903268,0.000214661,0.001002195,0.670229097,0.003479443,0.001122545,0.000764461,0.000886787,0.002903268,6.69E-05,0.176571522,0.002903268,0.000235208,0.002896122,0.001700251,0.001784365,,0,0.008604033
201615601,1.185727056,0.273570724,0.011239308,0.042844113,0.001112588,0.001476368,0.000592801,1.248514505,0.13566619,0.002801585,0.042844113,0.00119593,0.001476368,0.000511521,1.659446016,0.07959502,0.005496464,0.045167176,0.002147245,0.00119593,0.001476368,1.338128418,0.051016728,0.003731625,0.006780549,0.002147245,0.000810387,0.000447241,1.001958305,0.043895078,0.011239308,0.002147245,0.000810387,0.000435872,0.001308504,0,0.00999575
201446898,16.50079498,0.044007886,,0.005668338,0.003269613,0.002151498,0.000717274,15.69323825,0.036754619,,0.003817636,0.001914489,0.002151498,0.000873919,17.39597255,0.035785162,,0.003817636,0.004381247,0.002151498,0.000537278,18.3938494,0.022350254,,0.001475501,0.005238386,0.000914642,7.24E-05,14.82272104,0.017154646,,0.005238386,0.000914642,,0.000873919,0,0.008596322
201738755,14.68693823,0.149907932,,0.013799463,0.011189528,0.008419389,0.008437194,13.92176057,0.106005385,,0.01260705,0.007121439,0.008437194,0.00465897,15.54112028,0.100655396,,0.016746848,0.010026341,0.006302569,0.008437194,11.77468071,0.085419601,,0.010026341,0.006302569,0.007994564,0.010368568,11.19896174,0.062867867,0.001449747,0.00278018,0.006302569,0.004163771,0.00934086,0,0.010188929
201716883,0.555704294,0.659590977,0.000338609,0.16212502,0.065533766,0.020365027,0.005969319,0.585965606,0.00438171,0.000338609,0.000631602,0.000306297,0.001540371,0.000738542,0.527719389,0.003403159,0.000250766,0.000783519,0.002909906,0.000738542,0.002186583,0.43887932,0.00273941,0.000627054,0.000562074,0.001540371,0.002072327,0.002186583,0.071244525,0.002583283,0.001540371,,,,,0,0.008606325
201873161,19.75358815,0.067265691,,0.043684298,0.016358649,0.004611379,0.006279438,18.60732198,0.053541788,,0.033024321,0.014870643,0.00432868,0.006279438,11.12128014,0.043684298,,0.006380161,0.005020655,0.005724398,0.009884188,14.68693823,0.042262963,,0.033024321,0.004278254,0.005020655,0.005549781,8.343346334,0.033024321,0.028195506,0.003773539,0.002461838,0.009884188,0.003002652,0,0.008693145
201720674,13.80191578,0.772385382,,0.00423972,0.002905894,0.002041667,0.002041667,13.12404942,0.623977826,,0.004126006,0.002311655,0.002041667,0.000793239,14.5536205,0.614140761,,0.00423972,0.002836019,0.002311655,0.001846358,15.39192304,0.277486177,,0.004236635,0.003042719,0.002311655,0.001846358,12.41280103,0.19860998,,0.003339965,0.002311655,,0.00100595,0,0.008583403
201686483,12.22353091,0.388036051,,0.003152162,0.001718021,0.001122678,0.000561885,11.60423687,0.274360293,,0.003152162,0.002023222,0.001122678,0.000355243,12.91265237,0.269842692,,0.00225707,0.002865864,0.002023222,9.08E-05,20,0.255763292,,0.082176937,0.00225707,0.003255146,0.002023222,18.82580772,0.11368284,,0.027133358,0.002080781,0.000353539,0.002023222,0,0.00874001
201908974,17.7818426,0.250798038,,0.036932862,0.017006211,0.010562454,0.003831591,18.82580772,0.213990627,,0.036932862,0.016984714,0.01332308,0.004370357,16.8475781,0.200128732,,0.029248767,0.016984714,0.004370357,0.002676085,20,0.14451986,,0.036932862,0.01894594,0.013082096,0.002640909,16.00658621,0.097985513,,0.029248767,0.013082096,,0.0006843,0,0.008716401
201280924,20,0.093652338,,0.014603293,0.008536767,0.003804363,0.003120273,18.82580772,0.074213492,,0.011972432,0.007913536,0.003804363,0.003120273,17.7818426,0.052239266,,0.011972432,0.003287354,0.00206643,0.00243233,16.8475781,0.046059599,,0.005921891,0.003253009,0.00206643,0.00243233,16.00658621,0.044323817,,0.008536767,0.003253009,,0.003749462,0,0.008575122
201167905,11.0446688,0.574833003,0.131579568,0.010259736,0.00332216,0.00498984,0.003055177,10.46779162,0.314122841,0.131579568,0.010259736,0.003305104,0.004739244,0.003055151,11.68883748,0.293289846,,0.011624209,0.003702848,0.004726159,0.003055151,19.75358815,0.123381288,,0.02411205,0.028439891,0.006847909,0.003702848,18.60732198,0.064748915,,0.022091103,0.027710503,0.003702848,0.00294806,0,0.010221933