epic_number,Campaign,Class,Probability
201129544,1,OTHPER,0.993138
201146397,1,OTHPER,0.994474
201152399,1,OTHPER,0.9915299999999999
201159302,1, Noise,0.9826090000000001
201167905,1,OTHPER,0.9922030000000001
201180520,1,OTHPER,0.9934219999999999
201182911,1,    EA,0.982395
201184068,1,    EA,0.7918270000000001
201185922,1,  RRab,0.726632
201193506,1,    EB,0.92425
201193591,1, Noise,0.985741
201193666,1,    EB,0.971802
201198562,1, Noise,0.981981
201199000,1,  GDOR,0.663535
201203630,1,OTHPER,0.994265
201220442,1,OTHPER,0.990425
201238932,1, DSCUT,0.936373
201246763,1,    EA,0.813033
201251164,1,OTHPER,0.9902569999999999
201253025,1,    EA,0.998633
201257260,1,OTHPER,0.992557
201266727,1,    EB,0.9995719999999999
201271106,1,OTHPER,0.992301
201273981,1,OTHPER,0.9932770000000001
201280924,1, Noise,0.987972
201318538,1,OTHPER,0.990144
201318977,1,OTHPER,0.9937040000000001
201325244,1,OTHPER,0.9900629999999999
201330013,1,OTHPER,0.992539
201330992,1, Noise,0.990399
201356556,1,OTHPER,0.9962290000000001
201368515,1,    EA,0.748617
201371436,1, Noise,0.993808
201375034,1, Noise,0.9813709999999999
201377900,1, Noise,0.984591
201379113,1,    EA,0.9981760000000001
201380321,1,OTHPER,0.9936389999999999
201381586,1, Noise,0.982607
201382417,1,    EA,0.997609
201384087,1,OTHPER,0.992733
201386598,1, Noise,0.9849889999999999
201387169,1, Noise,0.9885510000000001
201398311,1,  RRab,0.832359
201407812,1,    EA,0.7756109999999999
201410584,1, Noise,0.9834649999999999
201415414,1, Noise,0.984401
201417392,1, Noise,0.9861549999999999
201419249,1,OTHPER,0.9923190000000001
201422314,1, Noise,0.9897889999999999
201423623,1, Noise,0.982058
201427257,1, Noise,0.983735
201430034,1, Noise,0.9860479999999999
201434469,1,  GDOR,0.941915
201438515,1, Noise,0.9877379999999999
201446898,1, Noise,0.98265
201448202,1, Noise,0.982866
201458798,1,    EB,0.9982
201460186,1, Noise,0.985925
201462240,1,OTHPER,0.9947309999999999
201473612,1,    EB,0.9903850000000001
201476362,1,    EB,0.983152
201479538,1, Noise,0.985402
201484494,1, Noise,0.981424
201488365,1,    EA,0.98383
201488452,1,  RRab,0.760891
201493012,1,OTHPER,0.992187
201499998,1,OTHPER,0.9963540000000001
201501958,1,OTHPER,0.9906969999999999
201505569,1, Noise,0.98339
201507195,1, Noise,0.9821790000000001
201511174,1,OTHPER,0.9901909999999999
201517854,1,    EB,0.911546
201518531,1, Noise,0.9814729999999999
201518712,1,OTHPER,0.9928389999999999
201531578,1,    EB,0.936976
201534061,1, Noise,0.984075
201536956,1,  RRab,0.619929
201537170,1, Noise,0.9880559999999999
201540013,1,  RRab,0.740287
201543049,1, Noise,0.988408
201545555,1, Noise,0.987031
201546971,1, Noise,0.985052
201549223,1, Noise,0.9828049999999999
201552030,1,    EB,0.973491
201552857,1, Noise,0.982516
201552908,1, Noise,0.9841629999999999
201561005,1,OTHPER,0.992238
201562530,1,    EA,0.7187640000000001
201565020,1,OTHPER,0.990826
201567780,1, Noise,0.981323
201567820,1, Noise,0.981138
201571178,1, Noise,0.9881989999999999
201571821,1, Noise,0.9838379999999999
201572722,1, Noise,0.9856870000000001
201576812,1,    EA,0.7054630000000001
201579626,1, Noise,0.9850059999999999
201582850,1, Noise,0.981241
201583400,1, Noise,0.9815440000000001
201587445,1,OTHPER,0.993223
201589262,1, Noise,0.9835020000000001
201590024,1, Noise,0.991359
201592061,1,    EB,0.9956659999999999
201592476,1, Noise,0.9847469999999999
201592815,1, Noise,0.9818
201593658,1, Noise,0.984893
201600674,1, Noise,0.9834209999999999
201602854,1, DSCUT,0.9943559999999999
201603595,1,OTHPER,0.9909690000000001
201607088,1,    EB,0.982095
201608319,1,OTHPER,0.993466
201610136,1,OTHPER,0.991038
201610811,1,    EB,0.900755
201615127,1,OTHPER,0.9914200000000001
201615601,1,  GDOR,0.974643
201617930,1, Noise,0.983828
201621305,1, Noise,0.981382
201626606,1, Noise,0.989296
201630905,1, Noise,0.982933
201634054,1, Noise,0.981037
201634844,1, Noise,0.9869870000000001
201642107,1,OTHPER,0.9946649999999999
201644790,1, Noise,0.984605
201646800,1, Noise,0.9830209999999999
201648133,1,    EA,0.972627
201656525,1,OTHPER,0.9953860000000001
201664689,1,OTHPER,0.9920389999999999
201670373,1,OTHPER,0.9943069999999999
201671506,1,  GDOR,0.8280489999999999
201673708,1,OTHPER,0.993173
201674807,1, Noise,0.984044
201674814,1, Noise,0.983159
201676716,1, Noise,0.9865280000000001
201680569,1,    EB,0.967583
201681411,1,    EB,0.986243
201683910,1, Noise,0.9855870000000001
201686483,1,OTHPER,0.994418
201689490,1,OTHPER,0.991966
201691034,1, Noise,0.9821469999999999
201695625,1,    EB,0.91199
201698669,1,    EB,0.993093
201700240,1,OTHPER,0.99379
201700247,1,OTHPER,0.996481
201700978,1,OTHPER,0.994007
201704541,1,    EB,0.989999
201707257,1,OTHPER,0.997816
201709153,1, Noise,0.982957
201711578,1,OTHPER,0.992326
201715262,1,    EB,0.900547
201715393,1,  GDOR,0.749131
201716883,1,  RRab,0.944782
201720674,1,OTHPER,0.9921690000000001
201720987,1, Noise,0.9822129999999999
201721222,1, Noise,0.984682
201723461,1,    EA,0.7306159999999999
201725399,1,    EB,0.9904290000000001
201725951,1, Noise,0.989083
201731218,1,OTHPER,0.9926649999999999
201735172,1, Noise,0.981196
201738572,1,OTHPER,0.994142
201738755,1,OTHPER,0.990714
201739972,1, DSCUT,0.9582120000000001
201748885,1, Noise,0.984361
201749821,1,    EB,0.998527
201751439,1, Noise,0.9861280000000001
201751532,1, Noise,0.984858
201753654,1, Noise,0.983714
201754974,1,OTHPER,0.9921209999999999
201762815,1,    EB,0.9959389999999999
201766747,1, Noise,0.983093
201768602,1, Noise,0.982866
201769424,1, Noise,0.981406
201774941,1, Noise,0.981886
201775723,1, Noise,0.9810040000000001
201780233,1,  RRab,0.716609
201786731,1, Noise,0.9869290000000001
201789080,1,OTHPER,0.9907239999999999
201790080,1,    EB,0.997081
201802433,1, Noise,0.981658
201803365,1,    EB,0.967434
201809540,1,OTHPER,0.995873
201810513,1,    EA,0.935575
201814774,1,  GDOR,0.745607
201824843,1, Noise,0.98113
201826968,1,    EB,0.997466
201828402,1, Noise,0.9819120000000001
201832116,1,  GDOR,0.9130950000000001
201833284,1, Noise,0.981232
201839237,1, Noise,0.9843280000000001
201840254,1,OTHPER,0.996243
201850413,1, DSCUT,0.9814649999999999
201855304,1,OTHPER,0.9922790000000001
201870289,1,OTHPER,0.996384
201871270,1, Noise,0.98695
201871951,1,  GDOR,0.848618
201873161,1, Noise,0.985196
201882460,1, Noise,0.9827
201884852,1, Noise,0.9835020000000001
201890494,1,    EA,0.923384
201893576,1,    EA,0.714268
201896663,1,OTHPER,0.9908530000000001
201902310,1,OTHPER,0.9900959999999999
201903779,1,  GDOR,0.7372890000000001
201904174,1,    EB,0.9135770000000001
201907820,1, Noise,0.985037
201908974,1, Noise,0.98456
201910513,1,OTHPER,0.990492
201910662,1, Noise,0.982743
201914571,1, Noise,0.9887469999999999
201921381,1,    EB,0.9836530000000001
201926949,1,OTHPER,0.997439
201927024,1,    EB,0.923997
201927431,1, Noise,0.9834799999999999
201928270,1,    EB,0.9035299999999999
201933700,1, Noise,0.981517
201933752,1, Noise,0.986116
201937413,1, Noise,0.9893569999999999
201940505,1,    EB,0.9886209999999999
201940767,1,    EB,0.9985290000000001
202518676,2, DSCUT,0.9821489999999999
202554180,2, DSCUT,0.9909629999999999
202619356,2,OTHPER,0.990511
202643279,2,    EB,0.9116190000000001
202652559,2,  GDOR,0.697742
202656096,2, Noise,0.9822639999999999
202665304,2,OTHPER,0.990576
202674012,2,    EA,0.9132309999999999
202679718,2,    EB,0.9384
202683805,2,OTHPER,0.996007
202688980,2,    EA,0.7872520000000001
202773276,2, DSCUT,0.9603209999999999
202774129,2,    EB,0.938969
202843085,2,    EA,0.9464799999999999
202844711,2,    EA,0.9872489999999999
202851823,2,    EB,0.983295
202863081,2, DSCUT,0.954686
202872758,2,OTHPER,0.993287
202911789,2, DSCUT,0.969483
202929357,2, DSCUT,0.9904440000000001
202963882,2,    EB,0.931543
202968864,2,    EB,0.9510790000000001
202984824,2,OTHPER,0.992792
203011840,2,    EA,0.792912
203026255,2, DSCUT,0.931984
203031097,2,  GDOR,0.9259129999999999
203075848,2,  GDOR,0.688135
203127694,2,  GDOR,0.802671
203162555,2, DSCUT,0.948943
203185007,2,OTHPER,0.9926309999999999
203294831,2,    EA,0.9387120000000001
203361171,2,    EA,0.9998809999999999
203372915,2,  RRab,0.7796850000000001
203396402,2,    EB,0.901315
203463506,2,    EB,0.997001
203466879,2,    EA,0.7439600000000001
203485624,2,    EB,0.9892620000000001
203486145,2,  GDOR,0.8510979999999999
203531786,2, DSCUT,0.891907
203534141,2, Noise,0.9823270000000001
203538499,2,OTHPER,0.991944
203542570,2,OTHPER,0.992749
203579600,2,  GDOR,0.904415
203593664,2,  GDOR,0.872841
203594870,2, Noise,0.9812129999999999
203596245,2,  RRab,0.978497
203596258,2,  RRab,0.974756
203606075,2,OTHPER,0.9917799999999999
203610780,2,    EA,0.9348549999999999
203630276,2,  RRab,0.730222
203636784,2,    EA,0.916226
203637372,2,OTHPER,0.9972610000000001
203654939,2,OTHPER,0.990181
203656002,2,    EA,0.792024
203656237,2, DSCUT,0.981323
203692906,2,  RRab,0.708593
203707855,2,  GDOR,0.85765
203710621,2, DSCUT,0.924444
203724283,2,    EA,0.708079
203728604,2,    EA,0.888892
203735292,2, Noise,0.982085
203735843,2, Noise,0.9837809999999999
203749720,2,    EB,0.9875079999999999
203764177,2,    EA,0.8737959999999999
203783195,2,    EA,0.9374459999999999
203819998,2,OTHPER,0.992792
203824391,2,OTHPER,0.9906510000000001
203829123,2,  GDOR,0.783407
203868608,2,    EA,0.833369
203878683,2,    EA,0.992566
203902287,2,OTHPER,0.990878
203907133,2, DSCUT,0.893193
203908645,2,    EA,0.822617
203911955,2,    EA,0.956625
203929178,2,    EA,0.970936
203942067,2,    EA,0.9970950000000001
203964886,2, Noise,0.98254
203976840,2, Noise,0.986509
204018323,2, Noise,0.984333
204019947,2, Noise,0.981093
204034714,2, Noise,0.9839100000000001
204059927,2,    EA,0.8324870000000001
204073447,2,    EA,0.9926440000000001
204090458,2, DSCUT,0.95744
204091956,2,  RRab,0.601612
204105782,2,    EA,0.703855
204115101,2,  RRab,0.811253
204138967,2,    EB,0.922392
204154300,2, DSCUT,0.907716
204171214,2,    EA,0.75017
204181806,2, DSCUT,0.980823
204183093,2,    EA,0.9175
204183656,2,    EA,0.8339139999999999
204185956,2,    EA,0.938837
204199860,2, DSCUT,0.9294819999999999
204212045,2,OTHPER,0.992346
204225046,2,    EB,0.935659
204230492,2, Noise,0.983125
204234138,2,    EA,0.7027909999999999
204236712,2,    EA,0.825982
204275121,2,    EB,0.9743440000000001
204299478,2,  GDOR,0.9036799999999999
204312847,2,    EA,0.9789700000000001
204320514,2,OTHPER,0.991632
204353555,2,    EB,0.9594290000000001
204376704,2, DSCUT,0.938141
204405530,2,OTHPER,0.9917159999999999
204470067,2,    EA,0.727722
204491082,2,OTHPER,0.9901110000000001
204494002,2,OTHPER,0.991051
204508330,2, Noise,0.9872780000000001
204556512,2,  GDOR,0.898408
204558226,2, DSCUT,0.9480799999999999
204558724,2,    EB,0.9240290000000001
204561424,2,    EB,0.9687889999999999
204561871,2,    EB,0.9691290000000001
204574155,2, DSCUT,0.940292
204576757,2,    EA,0.989592
204599418,2, Noise,0.982817
204600767,2, DSCUT,0.9934729999999999
204604359,2,  RRab,0.727238
204629934,2,OTHPER,0.9917790000000001
204649811,2,    EA,0.714168
204666545,2, Noise,0.9892770000000001
204673472,2, DSCUT,0.910236
204676375,2, Noise,0.986168
204676803,2,    EA,0.935773
204748201,2,    EA,0.997102
204760247,2,    EA,0.719164
204771848,2,OTHPER,0.990166
204778376,2,  RRab,0.771544
204780832,2,  RRab,0.669004
204787022,2, Noise,0.983627
204807478,2,OTHPER,0.990174
204808234,2, Noise,0.9837889999999999
204815607,2,  RRab,0.66815
204817435,2,  GDOR,0.745212
204819511,2,OTHPER,0.9932850000000001
204820375,2,OTHPER,0.993706
204876991,2,  RRab,0.688756
204880394,2,  RRab,0.963592
204894780,2,  RRab,0.627312
204903894,2,  RRab,0.661624
204904480,2,  RRab,0.646702
204907195,2,    EB,0.9974219999999999
204924308,2, Noise,0.985243
204925198,2,OTHPER,0.99013
204930285,2, Noise,0.983002
204933419,2,  RRab,0.603196
204938521,2,  GDOR,0.9585629999999999
204951319,2,    EA,0.783145
204959709,2,    EA,0.8591049999999999
204965815,2,  GDOR,0.77878
204966750,2,  GDOR,0.6854359999999999
204979833,2,  RRab,0.725539
204994280,2,  RRab,0.6514
205007882,2,  RRab,0.703749
205019541,2,    EA,0.718517
205020466,2,    EA,0.8626469999999999
205040035,2, DSCUT,0.956318
205042193,2,OTHPER,0.9922290000000001
205043428,2,  GDOR,0.70257
205050711,2,    EA,0.9190510000000001
205054021,2, DSCUT,0.968461
205057908,2,OTHPER,0.994175
205060983,2,    EB,0.952993
205062129,2,    EB,0.998749
205075874,2,  GDOR,0.959032
205084928,2,OTHPER,0.9910059999999999
205089975,2, DSCUT,0.9908459999999999
205112883,2,  GDOR,0.706979
205114328,2,  RRab,0.648088
205123245,2,OTHPER,0.9933219999999999
205131464,2,    EB,0.991323
205136799,2, DSCUT,0.915948
205149790,2,    EB,0.989183
205152526,2,  RRab,0.823557
205164324,2,  RRab,0.652452
205168996,2, DSCUT,0.988333
205170167,2, DSCUT,0.9146549999999999
205170307,2,    EA,0.992091
205225132,2, DSCUT,0.9927969999999999
205225995,2, Noise,0.981667
205247045,2,  GDOR,0.817459
205275157,2,  GDOR,0.774338
205278742,2, DSCUT,0.957111
205363642,2,  GDOR,0.786483
205388726,2, DSCUT,0.895582
205405404,2,    EB,0.9995430000000001
205432585,2, DSCUT,0.9309059999999999
205463986,2,    EA,0.963051
205485891,2,    EA,0.702343
205495245,2,  RRab,0.9910200000000001
205510377,2,  GDOR,0.760519
205527197,2,    EB,0.970525
205546169,2,    EA,0.951775
205550411,2, Noise,0.9825940000000001
205554809,2,    EA,0.977033
205557744,2,    EB,0.9897540000000001
205558024,2,  RRab,0.630272
205565079,2, DSCUT,0.966152
205602688,2,OTHPER,0.9914459999999999
205613964,2,  RRab,0.740337
205625849,2,  RRab,0.984614
205670261,2, DSCUT,0.9358040000000001
205670640,2,  RRab,0.6565380000000001
205676611,2,  RRab,0.645416
205684710,2,  RRab,0.8406049999999999
205694298,2,OTHPER,0.9949520000000001
205703649,2,    EA,0.9877870000000001
205717017,2, Noise,0.987245
205728169,2,    EB,0.968823
205905693,3,  RRab,0.840791
205910324,3,    EB,0.860699
205914832,3,  RRab,0.42515600000000003
205915657,3,  RRab,0.570602
205919994,3,OTHPER,0.986151
205926273,3, DSCUT,0.547992
205926843,3,OTHPER,0.967724
205929651,3,  GDOR,0.5888479999999999
205930577,3,  RRab,0.40692399999999995
205931694,3,    EA,0.500984
205934378,3,  GDOR,0.7185729999999999
205934569,3,    EB,0.998682
205936222,3,    EA,0.9788600000000001
205939315,3,    EA,0.6415420000000001
205941274,3,  RRab,0.960074
205943009,3,  GDOR,0.764178
205945953,3,    EB,0.997281
205946456,3,OTHPER,0.977391
205947214,3,    EA,0.6096229999999999
205947774,3,  GDOR,0.580958
205951387,3, Noise,0.9118290000000001
205952324,3, Noise,0.900724
205952500,3, Noise,0.861296
205954517,3,  GDOR,0.908185
205955110,3,  RRab,0.540354
205955699,3,    EB,0.647076
205960774,3,OTHPER,0.9758540000000001
205962262,3,    EB,0.801284
205962814,3, DSCUT,0.628463
205963269,3,    EB,0.613128
205964285,3,    EB,0.9269930000000001
205965692,3,OTHPER,0.9815809999999999
205967173,3, Noise,0.8536389999999999
205968100,3,    EB,0.878785
205969073,3,  RRab,0.922717
205970855,3, Noise,0.868452
205971103,3,    EB,0.7966479999999999
205977366,3,  RRab,0.953593
205977745,3,OTHPER,0.9645959999999999
205978103,3,    EB,0.9741200000000001
205978280,3,OTHPER,0.972723
205978617,3,    EB,0.99713
205982900,3,    EA,0.8959020000000001
205983722,3, Noise,0.8770819999999999
205984153,3,OTHPER,0.978435
205985225,3,  RRab,0.5503439999999999
205985700,3,  RRab,0.578843
205987947,3, DSCUT,0.623617
205988265,3,  RRab,0.800399
205988562,3,    EB,0.998158
205990080,3,OTHPER,0.980988
205990703,3,OTHPER,0.9527639999999999
205992164,3,    EB,0.666955
205992221,3,OTHPER,0.963615
205992377,3,OTHPER,0.950701
205992521,3,OTHPER,0.981165
205992558,3,    EB,0.70786
205992585,3,    EA,0.790153
205992734,3,OTHPER,0.9711270000000001
205993244,3,  GDOR,0.502337
205993856,3, Noise,0.8638540000000001
205993953,3,OTHPER,0.9844579999999999
205994924,3, DSCUT,0.9934780000000001
205996447,3,    EB,0.6975060000000001
205997155,3,  RRab,0.775792
205997245,3,  GDOR,0.691234
205997466,3, Noise,0.864873
205997818,3,    EB,0.9164959999999999
205998486,3,  RRab,0.41833000000000004
205998953,3, Noise,0.8554579999999999
206000143,3,OTHPER,0.968683
206000965,3,  RRab,0.6222979999999999
206001619,3,    EB,0.9903629999999999
206002435,3, DSCUT,0.50858
206003123,3,OTHPER,0.9793940000000001
206003623,3, Noise,0.870825
206003917,3, Noise,0.9221360000000001
206006609,3, Noise,0.85035
206007379,3,  RRab,0.566688
206008118,3,OTHPER,0.9780760000000001
206011512,3,OTHPER,0.965397
206011670,3, Noise,0.8654139999999999
206013676,3,OTHPER,0.9547969999999999
206014572,3,OTHPER,0.984102
206015673,3, Noise,0.865326
206016715,3,OTHPER,0.954309
206017313,3,    EB,0.896784
206023179,3,OTHPER,0.959556
206024304,3,OTHPER,0.9771479999999999
206024706,3,OTHPER,0.960658
206025663,3,    EB,0.9921260000000001
206026597,3,OTHPER,0.9874649999999999
206026904,3,OTHPER,0.9594729999999999
206027531,3,OTHPER,0.974722
206028130,3,OTHPER,0.9663719999999999
206029243,3,  RRab,0.621958
206031528,3,  GDOR,0.757213
206032033,3, Noise,0.866297
206032188,3, DSCUT,0.825159
206033539,3,OTHPER,0.9560700000000001
206033974,3,  GDOR,0.942865
206034019,3,    EA,0.8638450000000001
206035651,3, Noise,0.8676860000000001
206035667,3,OTHPER,0.973583
206036810,3, DSCUT,0.607991
206037724,3,    EB,0.592895
206037789,3,OTHPER,0.950731
206038285,3,    EB,0.941225
206038483,3,    EA,0.623023
206038995,3,OTHPER,0.951476
206040999,3,OTHPER,0.9796030000000001
206041423,3, Noise,0.8975049999999999
206041983,3, Noise,0.881999
206044766,3,  GDOR,0.565421
206044837,3,  RRab,0.659976
206045146,3,    EB,0.957067
206045448,3,    EB,0.96899
206046073,3,  RRab,0.9030309999999999
206046748,3,    EB,0.987936
206047037,3, Noise,0.8853200000000001
206047180,3, DSCUT,0.6892550000000001
206048937,3, DSCUT,0.5035430000000001
206049222,3,    EB,0.948119
206051563,3,  GDOR,0.951274
206052022,3, Noise,0.880519
206053592,3,  RRab,0.9466530000000001
206054440,3,OTHPER,0.9542950000000001
206054604,3, Noise,0.880531
206055420,3,OTHPER,0.9523780000000001
206056155,3, DSCUT,0.927104
206056226,3, Noise,0.8517
206058387,3,    EB,0.9854120000000001
206058586,3, Noise,0.889605
206059251,3,OTHPER,0.9675600000000001
206060575,3,OTHPER,0.962405
206060861,3,OTHPER,0.985237
206061710,3,  GDOR,0.577611
206061812,3,OTHPER,0.97408
206062922,3, Noise,0.8832459999999999
206064711,3, Noise,0.898059
206065325,3, Noise,0.8768969999999999
206065882,3,  RRab,0.47131999999999996
206066909,3,    EA,0.9997280000000001
206066977,3,OTHPER,0.953779
206067723,3,    EB,0.991418
206067769,3,    EB,0.663651
206067850,3,  GDOR,0.510239
206068091,3,OTHPER,0.9906280000000001
206068227,3,OTHPER,0.9603510000000001
206068523,3,OTHPER,0.972614
206068771,3,OTHPER,0.956003
206069858,3,OTHPER,0.9576950000000001
206070106,3,OTHPER,0.950833
206073832,3,OTHPER,0.9503309999999999
206074814,3,  GDOR,0.873748
206075677,3,    EA,0.936984
206076253,3,OTHPER,0.965842
206079165,3, DSCUT,0.894057
206084435,3,    EA,0.980234
206085353,3, DSCUT,0.915949
206087514,3,OTHPER,0.9862120000000001
206087590,3,  RRab,0.587375
206088143,3,OTHPER,0.9661350000000001
206091799,3,    EB,0.9260709999999999
206093994,3,OTHPER,0.9858950000000001
206094339,3,OTHPER,0.9685030000000001
206094711,3,    EB,0.582056
206094715,3,    EB,0.743062
206094977,3,OTHPER,0.9726
206096844,3, DSCUT,0.770312
206097423,3,OTHPER,0.983015
206100814,3, DSCUT,0.533987
206104118,3, Noise,0.8624430000000001
206105536,3,  RRab,0.625926
206105589,3,OTHPER,0.976735
206105799,3, DSCUT,0.53761
206107884,3,OTHPER,0.9623809999999999
206107953,3,OTHPER,0.95893
206108177,3,OTHPER,0.983475
206109113,3,  GDOR,0.538788
206109641,3,    EA,0.770269
206110325,3, DSCUT,0.61651
206111932,3, DSCUT,0.61811
206114648,3,OTHPER,0.9714950000000001
206115598,3,OTHPER,0.978917
206115863,3,OTHPER,0.960192
206116019,3,OTHPER,0.986985
206117228,3,OTHPER,0.9646290000000001
206117448,3,OTHPER,0.966706
206117559,3,OTHPER,0.9715729999999999
206117696,3,OTHPER,0.95476
206120726,3, Noise,0.899875
206123963,3,  RRab,0.640003
206125365,3,OTHPER,0.974217
206125901,3,  RRab,0.544461
206126602,3, DSCUT,0.5590470000000001
206126731,3,  RRab,0.69596
206130043,3,OTHPER,0.9891770000000001
206131052,3,OTHPER,0.952635
206131351,3,  RRab,0.643331
206132092,3, DSCUT,0.8349489999999999
206132405,3, DSCUT,0.513853
206132515,3, DSCUT,0.512149
206133284,3,OTHPER,0.964424
206133595,3, Noise,0.9257139999999999
206134477,3,    EB,0.8907700000000001
206135075,3,    EA,0.8021119999999999
206136153,3,OTHPER,0.979851
206137170,3, Noise,0.8673219999999999
206139498,3, DSCUT,0.821556
206139574,3,    EB,0.970073
206142534,3, Noise,0.888124
206143336,3, DSCUT,0.6639149999999999
206143545,3, Noise,0.861925
206143954,3,  RRab,0.937315
206144794,3,  RRab,0.8739889999999999
206145148,3, DSCUT,0.98364
206146130,3, DSCUT,0.5656439999999999
206146427,3,OTHPER,0.956467
206146659,3,OTHPER,0.9513280000000001
206147924,3,OTHPER,0.9693440000000001
206148618,3,OTHPER,0.9794510000000001
206149204,3, Noise,0.8743770000000001
206149993,3,  RRab,0.948399
206152015,3,  GDOR,0.534708
206153993,3,OTHPER,0.983266
206154246,3,OTHPER,0.9924940000000001
206155607,3,OTHPER,0.960564
206155922,3,OTHPER,0.973161
206159239,3,    EB,0.648309
206161344,3,OTHPER,0.98972
206161767,3,    EB,0.900982
206163591,3, Noise,0.8760530000000001
206164390,3,OTHPER,0.9825139999999999
206164678,3, DSCUT,0.836382
206166251,3,  RRab,0.623682
206167611,3,OTHPER,0.961363
206167619,3,OTHPER,0.985469
206169790,3, Noise,0.865949
206169907,3,  RRab,0.656472
206169988,3, Noise,0.8651209999999999
206172684,3,    EB,0.99111
206172702,3,OTHPER,0.961419
206172775,3,OTHPER,0.953987
206173295,3,  GDOR,0.81087
206175324,3,  RRab,0.729086
206175552,3,  GDOR,0.548131
206177652,3,OTHPER,0.9539290000000001
206178112,3,OTHPER,0.967578
206178308,3,  RRab,0.46569799999999995
206180414,3,OTHPER,0.985028
206181400,3,OTHPER,0.9795010000000001
206183265,3,OTHPER,0.9647110000000001
206185368,3,  RRab,0.8354969999999999
206185841,3, DSCUT,0.642604
206186190,3, Noise,0.893848
206186422,3,  RRab,0.857309
206187484,3,    EA,0.71916
206189858,3, DSCUT,0.9430209999999999
206192022,3,OTHPER,0.990823
206196581,3, Noise,0.8588110000000001
206199419,3, Noise,0.873411
206199823,3,  RRab,0.6681600000000001
206200771,3, Noise,0.874078
206203792,3, Noise,0.854851
206205331,3, Noise,0.8576809999999999
206205407,3, DSCUT,0.9760049999999999
206206480,3,OTHPER,0.979108
206208706,3,OTHPER,0.986145
206208956,3,OTHPER,0.9638209999999999
206212261,3,    EA,0.9903379999999999
206213645,3, Noise,0.9208729999999999
206213997,3,  RRab,0.506654
206216934,3,    EB,0.9621120000000001
206218768,3,  RRab,0.617
206218857,3,  RRab,0.704872
206218997,3, Noise,0.8664229999999999
206219558,3,OTHPER,0.973835
206222635,3, Noise,0.861533
206224059,3, Noise,0.860459
206226502,3, DSCUT,0.957808
206227856,3, Noise,0.889323
206230574,3, Noise,0.858325
206235797,3,OTHPER,0.9853190000000001
206237309,3, Noise,0.876659
206239758,3, Noise,0.8753850000000001
206241558,3,    EA,0.998184
206242361,3,  RRab,0.640545
206242788,3,OTHPER,0.9625459999999999
206243993,3, DSCUT,0.773435
206245055,3, Noise,0.8512780000000001
206247968,3,OTHPER,0.977721
206249190,3, Noise,0.9212319999999999
206249670,3,  RRab,0.805197
206249844,3,OTHPER,0.958706
206252759,3,    EA,0.631881
206253908,3,    EA,0.815593
206256886,3,    EA,0.765914
206256982,3, Noise,0.93076
206257183,3,OTHPER,0.9753569999999999
206259892,3,OTHPER,0.958836
206260321,3,OTHPER,0.9677389999999999
206260577,3,  GDOR,0.855028
206260730,3,    EB,0.979409
206264312,3,OTHPER,0.9596870000000001
206267136,3, Noise,0.916386
206267363,3,OTHPER,0.9819530000000001
206268154,3,    EB,0.987708
206271029,3, DSCUT,0.50815
206273572,3,  GDOR,0.589929
206278951,3,  RRab,0.806545
206280713,3,  RRab,0.8733299999999999
206281827,3,  GDOR,0.654208
206287623,3,OTHPER,0.9726360000000001
206288770,3,    EA,0.999492
206288771,3,  RRab,0.6681050000000001
206289014,3, DSCUT,0.9057069999999999
206292760,3, DSCUT,0.564904
206293115,3,OTHPER,0.9881190000000001
206294591,3,  GDOR,0.572113
206299272,3, Noise,0.874129
206299569,3,OTHPER,0.9812799999999999
206300006,3,  RRab,0.9228729999999999
206300283,3,  RRab,0.563299
206302487,3, Noise,0.9114700000000001
206308660,3,    EB,0.9974770000000001
206310438,3,OTHPER,0.982086
206310879,3,OTHPER,0.980517
206314138,3,    EB,0.887661
206314169,3,  GDOR,0.948117
206319939,3,  GDOR,0.541027
206320221,3, DSCUT,0.535231
206321074,3, Noise,0.916984
206321136,3,  GDOR,0.7577699999999999
206322829,3, DSCUT,0.9967280000000001
206325176,3, DSCUT,0.9963290000000001
206331021,3, DSCUT,0.969577
206333750,3,  RRab,0.9404790000000001
206335674,3, Noise,0.8568209999999999
206342808,3,OTHPER,0.961609
206345558,3, Noise,0.852224
206348448,3,  RRab,0.945751
206350230,3, Noise,0.8770459999999999
206350784,3, Noise,0.872607
206352638,3,  GDOR,0.664606
206353974,3,  GDOR,0.9452799999999999
206356447,3,  GDOR,0.670437
206357566,3,OTHPER,0.964325
206363004,3,OTHPER,0.970398
206363690,3,OTHPER,0.972668
206364171,3,OTHPER,0.9638459999999999
206366683,3,    EA,0.784171
206371473,3, Noise,0.860197
206377690,3, Noise,0.9097280000000001
206378945,3,    EB,0.981138
206382584,3,  GDOR,0.779854
206382857,3,  GDOR,0.7707109999999999
206386591,3,  RRab,0.884159
206388408,3, Noise,0.8748290000000001
206389717,3,OTHPER,0.9746549999999999
206391693,3, Noise,0.9078459999999999
206396111,3,OTHPER,0.957133
206397007,3,OTHPER,0.9856299999999999
206397568,3,  RRab,0.630833
206398985,3,  RRab,0.696954
206403979,3, Noise,0.8772469999999999
206405405,3,OTHPER,0.981978
206409121,3,OTHPER,0.9528049999999999
206409426,3,  RRab,0.8351879999999999
206409852,3,    EB,0.725274
206409999,3, DSCUT,0.559729
206410129,3, DSCUT,0.560443
206410807,3,OTHPER,0.983316
206412289,3,    EA,0.703666
206413222,3,  GDOR,0.524738
206416069,3,    EB,0.914537
206417224,3,OTHPER,0.9685090000000001
206422107,3, Noise,0.853037
206422510,3,OTHPER,0.961902
206422648,3, DSCUT,0.8252360000000001
206423421,3,OTHPER,0.977375
206423760,3,OTHPER,0.982684
206424389,3, DSCUT,0.6417109999999999
206424731,3, DSCUT,0.997561
206425155,3,  RRab,0.817294
206426628,3,OTHPER,0.9725469999999999
206430209,3,OTHPER,0.9874809999999999
206433205,3,OTHPER,0.9641719999999999
206433263,3,    EA,0.888099
206436350,3,OTHPER,0.97505
206440332,3,    EB,0.839342
206444462,3, Noise,0.850361
206449008,3, DSCUT,0.9688629999999999
206452343,3, Noise,0.854039
206456320,3,OTHPER,0.9868969999999999
206457216,3,  GDOR,0.620898
206457505,3,  GDOR,0.528579
206458133,3,OTHPER,0.967929
206458594,3,  GDOR,0.615805
206463184,3,  GDOR,0.517989
206467305,3,OTHPER,0.962781
206468506,3, Noise,0.862502
206469210,3,OTHPER,0.9789690000000001
206471682,3, DSCUT,0.5445770000000001
206474337,3,OTHPER,0.978434
206474395,3,    EA,0.606074
206478801,3,  RRab,0.609961
206482854,3,    EB,0.9486110000000001
206485369,3,OTHPER,0.985034
206485388,3,OTHPER,0.9615450000000001
206487879,3,OTHPER,0.9617129999999999
206489474,3,    EA,0.956672
206490871,3,OTHPER,0.973341
206492383,3,    EB,0.9991260000000001
206492774,3,  GDOR,0.5115270000000001
206496528,3,  RRab,0.9097430000000001
206511754,3,    EB,0.9962700000000001
206512266,3, Noise,0.9182049999999999
206512511,3,  RRab,0.956786
206522979,3,  RRab,0.5613640000000001
206523329,3,  RRab,0.555934
206526306,3,OTHPER,0.9555790000000001
206532093,3,    EB,0.891426
206546449,3,  RRab,0.879338
210308588,4,    EA,0.693717
210311535,4,  RRab,0.72055
210312511,4, Noise,0.857618
210314566,4,    EA,0.560825
210320059,4,    EA,0.606434
210320253,4,    EA,0.577527
210322126,4,  RRab,0.714407
210325131,4,    EA,0.5827720000000001
210326779,4, Noise,0.875123
210327065,4, Noise,0.9226719999999999
210330338,4, Noise,0.8880170000000001
210331765,4,OTHPER,0.9864059999999999
210336890,4,    EA,0.550474
210343581,4,  RRab,0.976407
210344373,4,    EA,0.517683
210344532,4,  GDOR,0.843742
210345266,4, Noise,0.8630760000000001
210345648,4,  RRab,0.594694
210347636,4,    EA,0.558769
210348175,4, DSCUT,0.703545
210349838,4,OTHPER,0.971175
210352799,4,  GDOR,0.899057
210353184,4,OTHPER,0.97146
210353740,4,OTHPER,0.982605
210355269,4,    EB,0.62605
210355463,4, Noise,0.87918
210355590,4,    EA,0.5663050000000001
210356147,4,OTHPER,0.9670270000000001
210356961,4,OTHPER,0.9869979999999999
210357981,4, Noise,0.939008
210360901,4,    EB,0.519749
210361551,4,    EB,0.749744
210361885,4,    EB,0.730437
210362637,4, Noise,0.879482
210367220,4,    EB,0.639999
210369347,4,OTHPER,0.9702270000000001
210370150,4,OTHPER,0.963777
210370729,4,    EB,0.996849
210373111,4, DSCUT,0.657842
210374056,4, DSCUT,0.840551
210375290,4,    EA,0.962468
210375765,4, DSCUT,0.73822
210378102,4,  GDOR,0.712542
210378951,4,OTHPER,0.9747819999999999
210379789,4, Noise,0.890107
210379999,4,    EB,0.7860699999999999
210380478,4,  GDOR,0.740388
210382434,4,OTHPER,0.97483
210383410,4,OTHPER,0.9786229999999999
210384744,4, DSCUT,0.969874
210386017,4,OTHPER,0.98872
210386880,4,    EA,0.912868
210387006,4,OTHPER,0.9689709999999999
210388356,4, Noise,0.921844
210388529,4,OTHPER,0.9769049999999999
210388603,4,  GDOR,0.677113
210388679,4, Noise,0.9079729999999999
210389383,4,    EA,0.810441
210389601,4,  RRab,0.44607399999999997
210390215,4, DSCUT,0.98472
210390571,4, DSCUT,0.93295
210390866,4,OTHPER,0.9515870000000001
210391114,4,    EA,0.8865559999999999
210391134,4, Noise,0.8785540000000001
210391498,4,OTHPER,0.9880899999999999
210391543,4, Noise,0.915221
210391723,4,OTHPER,0.990873
210393207,4,OTHPER,0.977989
210393535,4,OTHPER,0.9540540000000001
210393784,4,OTHPER,0.970139
210394030,4, Noise,0.865655
210394761,4,OTHPER,0.958039
210396199,4,OTHPER,0.953097
210396766,4, DSCUT,0.8950940000000001
210398074,4,OTHPER,0.979671
210398323,4,  GDOR,0.9383870000000001
210398578,4, Noise,0.855534
210398968,4,OTHPER,0.98167
210399040,4,  RRab,0.701383
210399102,4, Noise,0.909164
210399309,4,OTHPER,0.986553
210400897,4,OTHPER,0.9772139999999999
210401072,4, Noise,0.9244690000000001
210401157,4,    EA,0.631506
210401186,4,OTHPER,0.954341
210401263,4, Noise,0.898731
210403086,4,    EB,0.9704
210404228,4,    EB,0.9673719999999999
210405012,4, DSCUT,0.946889
210405750,4, Noise,0.9032540000000001
210405918,4, Noise,0.950151
210406234,4,OTHPER,0.965101
210406869,4,  GDOR,0.589959
210408655,4, Noise,0.934478
210408934,4,  GDOR,0.958482
210411019,4,OTHPER,0.9846010000000001
210411065,4, Noise,0.9349350000000001
210411661,4,OTHPER,0.9544809999999999
210412360,4,  GDOR,0.5863430000000001
210412641,4,OTHPER,0.969759
210413073,4, Noise,0.859764
210413099,4,OTHPER,0.9590540000000001
210413481,4,    EB,0.606625
210413734,4,  GDOR,0.903933
210414779,4,OTHPER,0.986333
210416404,4, Noise,0.8583149999999999
210417540,4, Noise,0.854507
210418120,4,  GDOR,0.795426
210418141,4, Noise,0.930365
210418729,4,  RRab,0.593783
210418928,4,OTHPER,0.9793940000000001
210420672,4,OTHPER,0.953202
210421654,4,OTHPER,0.994157
210423938,4,OTHPER,0.9929290000000001
210424124,4,  GDOR,0.937908
210424618,4,OTHPER,0.9777030000000001
210425631,4, Noise,0.867502
210426551,4,    EB,0.9804299999999999
210427212,4, Noise,0.8718110000000001
210427595,4, Noise,0.9177420000000001
210428344,4, Noise,0.8634040000000001
210430226,4, Noise,0.932019
210430530,4, Noise,0.913075
210431233,4, Noise,0.9448840000000001
210431599,4, DSCUT,0.762319
210433146,4,    EB,0.993808
210433289,4,OTHPER,0.9580569999999999
210434247,4,    EB,0.683046
210434273,4,OTHPER,0.9805860000000001
210434909,4, Noise,0.9493659999999999
210437334,4,  RRab,0.5254310000000001
210437531,4, Noise,0.878186
210437575,4, DSCUT,0.9900040000000001
210437844,4,OTHPER,0.967794
210437941,4,    EB,0.984419
210438089,4,OTHPER,0.9604799999999999
210438520,4, DSCUT,0.637099
210439275,4,OTHPER,0.977726
210439387,4,OTHPER,0.976557
210440232,4,OTHPER,0.982563
210440889,4, Noise,0.9417479999999999
210442091,4, Noise,0.868185
210442792,4, Noise,0.8519129999999999
210444607,4, Noise,0.924507
210445455,4,OTHPER,0.958895
210445854,4,OTHPER,0.9603510000000001
210446165,4, Noise,0.882387
210447822,4,OTHPER,0.962666
210447824,4,OTHPER,0.963319
210447938,4, Noise,0.911557
210448729,4,OTHPER,0.972223
210449987,4, DSCUT,0.800538
210450012,4, DSCUT,0.507371
210451321,4,OTHPER,0.963393
210451865,4,  GDOR,0.526844
210452323,4, Noise,0.8572489999999999
210453153,4, Noise,0.877174
210453345,4, DSCUT,0.7577109999999999
210454229,4,OTHPER,0.953492
210454265,4,OTHPER,0.967463
210454297,4,OTHPER,0.9851790000000001
210454384,4,  RRab,0.713
210454588,4,    EB,0.853923
210454617,4, Noise,0.889699
210455414,4,OTHPER,0.952852
210455646,4,OTHPER,0.957233
210455747,4, DSCUT,0.631514
210457290,4,OTHPER,0.9636819999999999
210457607,4,  RRab,0.705457
210458002,4,OTHPER,0.952578
210458713,4,OTHPER,0.9880040000000001
210459068,4,  GDOR,0.788706
210459906,4,OTHPER,0.989395
210459910,4,OTHPER,0.9713379999999999
210460860,4,  GDOR,0.9229700000000001
210461123,4, Noise,0.921508
210461248,4,OTHPER,0.97913
210462150,4,OTHPER,0.9597379999999999
210467408,4,    EB,0.949285
210468746,4, Noise,0.8913620000000001
210470456,4, Noise,0.866693
210470579,4,OTHPER,0.9505790000000001
210470747,4,    EA,0.997776
210471272,4,OTHPER,0.983857
210471407,4, DSCUT,0.754433
210471429,4,  RRab,0.8393579999999999
210472186,4, Noise,0.9504450000000001
210472256,4,    EA,0.5728989999999999
210472261,4, DSCUT,0.748082
210472400,4, Noise,0.908113
210472483,4,    EB,0.8596719999999999
210473042,4,OTHPER,0.9848899999999999
210473400,4, Noise,0.86462
210474285,4,    EB,0.55161
210475773,4,    EB,0.768888
210475866,4,  RRab,0.725012
210476411,4,OTHPER,0.9575790000000001
210476794,4,    EB,0.640357
210476850,4,OTHPER,0.983142
210477101,4, Noise,0.91458
210477601,4,OTHPER,0.989713
210478927,4,OTHPER,0.969209
210478960,4, Noise,0.944169
210480153,4,OTHPER,0.990325
210480719,4, Noise,0.900768
210480960,4,  GDOR,0.9493
210481035,4, Noise,0.935941
210482719,4, Noise,0.9474020000000001
210485552,4,OTHPER,0.991025
210485772,4,OTHPER,0.9834129999999999
210487662,4, DSCUT,0.949317
210488827,4, Noise,0.880481
210489231,4,    EB,0.970614
210489675,4,  GDOR,0.5344220000000001
210491056,4,  GDOR,0.780225
210491773,4, DSCUT,0.9610549999999999
210492247,4, DSCUT,0.951952
210492305,4, Noise,0.8650709999999999
210493551,4,    EB,0.9128879999999999
210494404,4,  GDOR,0.932005
210494481,4,OTHPER,0.9842360000000001
210494536,4, Noise,0.9359120000000001
210495323,4,OTHPER,0.9774950000000001
210496963,4, Noise,0.904859
210497627,4,OTHPER,0.975002
210498223,4, Noise,0.8591
210498388,4, DSCUT,0.9565549999999999
210499360,4, DSCUT,0.502921
210505725,4, Noise,0.90436
210507093,4,OTHPER,0.9858180000000001
210507674,4,  GDOR,0.532219
210507908,4,  RRab,0.627506
210508608,4,OTHPER,0.973354
210508766,4,OTHPER,0.970935
210509163,4,OTHPER,0.9721850000000001
210509604,4,  RRab,0.7198979999999999
210510450,4,  GDOR,0.632131
210510648,4,OTHPER,0.972924
210511218,4,OTHPER,0.984491
210511418,4,  RRab,0.9689459999999999
210511761,4,OTHPER,0.991899
210511968,4, Noise,0.859252
210512162,4,    EA,0.999634
210512546,4,  GDOR,0.742851
210512806,4, Noise,0.947472
210513551,4, Noise,0.867296
210515845,4,OTHPER,0.9801190000000001
210515938,4, Noise,0.8534709999999999
210516060,4,  GDOR,0.7284689999999999
210517217,4, DSCUT,0.9541780000000001
210518882,4, Noise,0.905072
210519335,4, Noise,0.9069209999999999
210519765,4,OTHPER,0.974134
210520102,4,OTHPER,0.9774860000000001
210521518,4,OTHPER,0.980649
210523056,4, Noise,0.892702
210523972,4,OTHPER,0.9764700000000001
210528079,4,OTHPER,0.970202
210529209,4, DSCUT,0.9650690000000001
210530173,4,    EA,0.935809
210530626,4, DSCUT,0.987233
210531891,4, Noise,0.9002829999999999
210534548,4, Noise,0.9326709999999999
210536846,4,OTHPER,0.974584
210536937,4, Noise,0.8690629999999999
210538996,4,    EB,0.932679
210539980,4,OTHPER,0.976794
210540306,4, Noise,0.8632290000000001
210542152,4, Noise,0.873309
210545189,4,OTHPER,0.9909950000000001
210545703,4,OTHPER,0.9786790000000001
210545734,4,OTHPER,0.957887
210546619,4, Noise,0.87687
210548188,4, Noise,0.890021
210548530,4,OTHPER,0.9621370000000001
210551854,4,OTHPER,0.993677
210552485,4,OTHPER,0.974706
210552824,4, Noise,0.9510069999999999
210553017,4, Noise,0.943682
210553798,4,  GDOR,0.9290719999999999
210554146,4, Noise,0.9044059999999999
210554293,4,OTHPER,0.960715
210555161,4, DSCUT,0.577915
210556956,4, Noise,0.899827
210557508,4, DSCUT,0.795646
210558370,4, Noise,0.8814549999999999
210560609,4, Noise,0.9378
210562330,4,    EA,0.571404
210565909,4,OTHPER,0.977427
210566910,4, Noise,0.930319
210568531,4, DSCUT,0.952427
210569604,4, Noise,0.892368
210570696,4,OTHPER,0.982381
210573127,4, Noise,0.8633049999999999
210574135,4,    EB,0.9904649999999999
210574742,4,OTHPER,0.9928450000000001
210577029,4,    EB,0.857671
210577198,4, DSCUT,0.941549
210577268,4, Noise,0.926307
210577318,4,  RRab,0.49628999999999995
210577546,4,    EB,0.9265610000000001
210578809,4,OTHPER,0.9820040000000001
210579746,4,OTHPER,0.9573280000000001
210581202,4,    EA,0.994043
210581555,4,OTHPER,0.95988
210582198,4, Noise,0.8749020000000001
210583947,4, Noise,0.938235
210584832,4, Noise,0.895235
210586266,4, Noise,0.856613
210590280,4, DSCUT,0.861109
210590466,4, Noise,0.899594
210591380,4,OTHPER,0.968464
210592463,4, Noise,0.888058
210594292,4,OTHPER,0.980333
210594764,4, Noise,0.898534
210596089,4, DSCUT,0.9890770000000001
210596591,4,  GDOR,0.779961
210596693,4,OTHPER,0.9836799999999999
210598340,4,    EA,0.867609
210598493,4,OTHPER,0.991476
210598655,4, Noise,0.865858
210598750,4, Noise,0.95539
210599792,4, Noise,0.8867229999999999
210601788,4, Noise,0.876231
210602443,4, Noise,0.9082180000000001
210602727,4,OTHPER,0.95516
210602739,4, Noise,0.85869
210603371,4,OTHPER,0.9880329999999999
210604290,4, Noise,0.8669979999999999
210605265,4,OTHPER,0.9594159999999999
210608215,4,OTHPER,0.9594799999999999
210610151,4, DSCUT,0.8023239999999999
210611003,4,OTHPER,0.9894879999999999
210611237,4,OTHPER,0.98787
210611452,4, Noise,0.9192319999999999
210612828,4,OTHPER,0.977251
210613775,4, Noise,0.893067
210615550,4, Noise,0.9463299999999999
210615776,4,  GDOR,0.6677390000000001
210618239,4, Noise,0.9369790000000001
210621461,4, Noise,0.921171
210623351,4,OTHPER,0.977555
210626816,4,OTHPER,0.955858
210632018,4, Noise,0.9010799999999999
210634139,4,    EB,0.782296
210638270,4, Noise,0.874452
210639353,4, DSCUT,0.9317280000000001
210641439,4, Noise,0.889483
210642167,4, Noise,0.907932
210642322,4,    EA,0.598749
210644048,4,  RRab,0.512684
210646548,4, Noise,0.910903
210647245,4, DSCUT,0.6230859999999999
210648137,4,OTHPER,0.9756030000000001
210649999,4, DSCUT,0.9649770000000001
210650657,4,    EB,0.940126
210650798,4,OTHPER,0.986092
210651217,4, DSCUT,0.9866860000000001
210651828,4,OTHPER,0.97525
210652351,4, Noise,0.855715
210652602,4,OTHPER,0.989298
210652650,4, Noise,0.884439
210653000,4,OTHPER,0.968824
210654881,4,    EA,0.997175
210655791,4, DSCUT,0.503943
210656243,4,OTHPER,0.959477
210656700,4, DSCUT,0.9215270000000001
210657179,4,    EB,0.873609
210658751,4, DSCUT,0.971016
210660225,4,OTHPER,0.9588690000000001
210660571,4, DSCUT,0.634606
210662654,4,  RRab,0.70389
210663545,4,    EB,0.900584
210663738,4,OTHPER,0.9693309999999999
210664248,4, Noise,0.8517389999999999
210665016,4,  RRab,0.624279
210665278,4, Noise,0.8845280000000001
210666393,4,OTHPER,0.9630270000000001
210666536,4,  GDOR,0.595942
210668156,4, DSCUT,0.525065
210668314,4,    EA,0.9586610000000001
210670757,4, Noise,0.903278
210671201,4,OTHPER,0.985332
210672179,4, DSCUT,0.9687959999999999
210672969,4, Noise,0.8632059999999999
210672985,4, DSCUT,0.644216
210673217,4, Noise,0.913118
210675065,4, Noise,0.8720629999999999
210675130,4,    EB,0.580415
210677156,4,OTHPER,0.950702
210677528,4, Noise,0.9115040000000001
210678008,4, DSCUT,0.814674
210678152,4,OTHPER,0.9623780000000001
210678400,4, Noise,0.850504
210678680,4,  RRab,0.5393899999999999
210678834,4, Noise,0.8827229999999999
210679075,4,OTHPER,0.9624010000000001
210680412,4, Noise,0.95204
210681369,4, Noise,0.867099
210681780,4, Noise,0.921271
210682130,4,OTHPER,0.9799950000000001
210682746,4,OTHPER,0.9609489999999999
210683006,4,OTHPER,0.953925
210684372,4, Noise,0.8893559999999999
210686280,4, Noise,0.887144
210687418,4,OTHPER,0.970659
210688253,4, DSCUT,0.500613
210688461,4, Noise,0.887461
210689460,4, Noise,0.9035790000000001
210689814,4,OTHPER,0.970988
210690333,4, Noise,0.855526
210692381,4, DSCUT,0.984355
210692406,4,    EB,0.986196
210693284,4, Noise,0.858583
210693497,4,OTHPER,0.974735
210695424,4,OTHPER,0.9855079999999999
210696614,4,    EB,0.956522
210697273,4, Noise,0.8833219999999999
210697335,4, DSCUT,0.957249
210697426,4,  RRab,0.547304
210700098,4,OTHPER,0.9520799999999999
210700847,4,OTHPER,0.975758
210701022,4, Noise,0.878108
210701688,4,    EB,0.5230779999999999
210703227,4, Noise,0.887891
210704234,4, Noise,0.883233
210704834,4, Noise,0.919625
210706052,4,  GDOR,0.561932
210707203,4,  RRab,0.416393
210708350,4,OTHPER,0.9567959999999999
210708830,4,OTHPER,0.978547
210709865,4,OTHPER,0.9862299999999999
210710183,4,OTHPER,0.954895
210710668,4,OTHPER,0.965699
210711034,4, DSCUT,0.987914
210713482,4, Noise,0.860907
210713621,4,OTHPER,0.9583290000000001
210713865,4, Noise,0.9111389999999999
210715137,4, Noise,0.9036190000000001
210715746,4, Noise,0.896703
210716115,4, DSCUT,0.599481
210716968,4, Noise,0.8706709999999999
210717195,4,OTHPER,0.987655
210717694,4, DSCUT,0.94535
210719521,4, Noise,0.9616309999999999
210719589,4,OTHPER,0.9718549999999999
210719750,4, Noise,0.87251
210722013,4,OTHPER,0.980248
210724031,4, Noise,0.957968
210725210,4, DSCUT,0.82624
210725248,4,OTHPER,0.984195
210725850,4, DSCUT,0.662226
210726623,4,OTHPER,0.9782879999999999
210726963,4, Noise,0.8901889999999999
210728731,4,  GDOR,0.582916
210729012,4,OTHPER,0.9931409999999999
210729707,4,  RRab,0.940141
210730598,4, Noise,0.93061
210732670,4, Noise,0.899026
210733035,4,  RRab,0.551992
210733902,4, Noise,0.8572219999999999
210734262,4,    EA,0.894367
210734337,4,    EA,0.99113
210734643,4,    EB,0.932261
210735321,4, DSCUT,0.5004649999999999
210737129,4,OTHPER,0.968793
210737134,4,  GDOR,0.973002
210737407,4, Noise,0.875682
210738578,4,OTHPER,0.9881780000000001
210738637,4,OTHPER,0.9872489999999999
210738738,4,    EB,0.796434
210738904,4, Noise,0.9425209999999999
210739048,4, Noise,0.9339860000000001
210739247,4, Noise,0.8957069999999999
210739435,4,OTHPER,0.962465
210740200,4,    EA,0.9946379999999999
210742063,4, Noise,0.8982129999999999
210743041,4,OTHPER,0.9861340000000001
210743091,4,OTHPER,0.9544229999999999
210744182,4,    EB,0.9972489999999999
210744326,4,  GDOR,0.507484
210744447,4, Noise,0.8748370000000001
210744693,4, Noise,0.8563780000000001
210744764,4,    EA,0.510879
210744951,4, Noise,0.8969600000000001
210745602,4, Noise,0.871866
210746534,4, Noise,0.9319799999999999
210747313,4, Noise,0.8899530000000001
210747390,4,OTHPER,0.9700059999999999
210747473,4, DSCUT,0.959943
210747576,4,OTHPER,0.980237
210747837,4, Noise,0.892594
210748304,4,  GDOR,0.672846
210749415,4, Noise,0.8950170000000001
210749423,4,    EB,0.844231
210749446,4,OTHPER,0.9794639999999999
210752074,4,OTHPER,0.980809
210752606,4, DSCUT,0.535027
210753069,4, Noise,0.906817
210753247,4, Noise,0.9099940000000001
210753478,4,    EA,0.590218
210753975,4, Noise,0.900142
210753999,4, Noise,0.946602
210754314,4, Noise,0.904383
210754711,4,  RRab,0.730719
210754756,4,  GDOR,0.9137120000000001
210755081,4,OTHPER,0.992984
210756524,4,OTHPER,0.973984
210758168,4, DSCUT,0.797409
210758680,4,OTHPER,0.985714
210759873,4,OTHPER,0.9519719999999999
210759991,4, Noise,0.960142
210760314,4,    EA,0.883266
210760764,4,OTHPER,0.9901399999999999
210761053,4, Noise,0.857834
210762093,4,OTHPER,0.9795379999999999
210762209,4,    EB,0.524547
210762740,4, Noise,0.913932
210762751,4, Noise,0.89275
210762863,4,OTHPER,0.973023
210763406,4,  RRab,0.567807
210763843,4, Noise,0.9372229999999999
210764483,4,OTHPER,0.987661
210765034,4, Noise,0.904799
210765827,4, DSCUT,0.934207
210766199,4,OTHPER,0.964773
210766284,4,OTHPER,0.975891
210766289,4,  RRab,0.59905
210766395,4, DSCUT,0.9391950000000001
210768919,4,OTHPER,0.9535309999999999
210769354,4, Noise,0.89455
210769793,4, DSCUT,0.979503
210770142,4, Noise,0.897576
210770362,4, Noise,0.8512649999999999
210770743,4, Noise,0.947524
210771355,4, Noise,0.8529450000000001
210771656,4, DSCUT,0.611273
210772001,4,OTHPER,0.9751850000000001
210772819,4, DSCUT,0.78787
210774782,4,OTHPER,0.964058
210775694,4,OTHPER,0.980743
210775797,4, Noise,0.8989860000000001
210776998,4, Noise,0.906025
210777503,4,OTHPER,0.985942
210777600,4,OTHPER,0.982843
210778787,4,OTHPER,0.969144
210779666,4,  GDOR,0.6853819999999999
210779706,4,    EA,0.975015
210780851,4,    EA,0.661748
210781239,4, Noise,0.921069
210781250,4,OTHPER,0.987215
210781850,4,  GDOR,0.6774140000000001
210781990,4, Noise,0.934931
210782464,4,OTHPER,0.961676
210784039,4,    EA,0.979549
210784546,4, DSCUT,0.682714
210786891,4,    EB,0.944364
210789582,4,OTHPER,0.979259
210792230,4, DSCUT,0.564654
210793561,4,OTHPER,0.9686
210793570,4,OTHPER,0.9942540000000001
210793743,4,    EA,0.749624
210793892,4,OTHPER,0.956775
210794158,4,  GDOR,0.5984010000000001
210794599,4, DSCUT,0.910891
210795126,4,OTHPER,0.985237
210795198,4, DSCUT,0.727712
210795614,4,OTHPER,0.9713629999999999
210795708,4,OTHPER,0.973216
210796097,4,    EB,0.9390729999999999
210796886,4, DSCUT,0.710098
210797268,4,OTHPER,0.981982
210797638,4, Noise,0.8765780000000001
210798039,4, DSCUT,0.658104
210800169,4, Noise,0.8727790000000001
210800970,4,OTHPER,0.9586
210801349,4, Noise,0.8944120000000001
210802141,4,OTHPER,0.9855790000000001
210802607,4, Noise,0.934679
210803387,4, Noise,0.9186280000000001
210805120,4,    EB,0.789805
210805420,4,    EA,0.522299
210806505,4, DSCUT,0.955059
210806784,4,OTHPER,0.97834
210808464,4,OTHPER,0.9765969999999999
210808522,4,OTHPER,0.969928
210808585,4, DSCUT,0.744969
210808836,4, Noise,0.86749
210809707,4, Noise,0.8577319999999999
210810957,4,    EB,0.967793
210810961,4, DSCUT,0.739865
210811757,4,OTHPER,0.977701
210812621,4,OTHPER,0.987598
210812803,4,OTHPER,0.953266
210813780,4,OTHPER,0.968189
210814674,4,OTHPER,0.965598
210814811,4, Noise,0.915783
210815169,4, Noise,0.8617389999999999
210815262,4, Noise,0.9359299999999999
210815465,4,  RRab,0.955832
210815471,4, Noise,0.863582
210815912,4, Noise,0.881165
210818697,4,OTHPER,0.976974
210819122,4,  GDOR,0.729665
210819401,4,OTHPER,0.9885010000000001
210819829,4, Noise,0.857233
210819978,4, Noise,0.95431
210821360,4,    EA,0.637914
210821498,4,OTHPER,0.978007
210822040,4, Noise,0.889766
210822575,4,OTHPER,0.9574030000000001
210822691,4,    EA,0.9989450000000001
210823406,4,    EA,0.820509
210823911,4,OTHPER,0.9643700000000001
210826038,4,OTHPER,0.9793700000000001
210828294,4,OTHPER,0.981842
210829632,4,OTHPER,0.9612569999999999
210829783,4, DSCUT,0.908573
210830646,4,  RRab,0.94409
210831368,4, Noise,0.925424
210833580,4,OTHPER,0.975749
210835413,4,OTHPER,0.9594030000000001
210835735,4,    EB,0.9500379999999999
210835968,4,OTHPER,0.962491
210836472,4,OTHPER,0.963586
210837083,4,OTHPER,0.950903
210838192,4,    EB,0.542805
210839363,4,  RRab,0.89189
210840439,4, Noise,0.907358
210843635,4,OTHPER,0.958717
210843674,4, Noise,0.8859549999999999
210844626,4, DSCUT,0.755069
210845303,4, DSCUT,0.9653649999999999
210846412,4, Noise,0.969949
210846736,4,    EA,0.982008
210847216,4, Noise,0.876072
210849044,4, DSCUT,0.917766
210849256,4,OTHPER,0.9833149999999999
210855718,4, Noise,0.8874709999999999
210856601,4, Noise,0.911259
210856752,4, Noise,0.8638809999999999
210857465,4, DSCUT,0.960733
210857749,4,    EA,0.9471149999999999
210858075,4,OTHPER,0.9591649999999999
210858911,4, Noise,0.878474
210858955,4,OTHPER,0.972252
210859099,4, DSCUT,0.99208
210861147,4, Noise,0.9120309999999999
210862422,4, Noise,0.864344
210863062,4,    EB,0.976138
210863421,4,  GDOR,0.8274030000000001
210865148,4,    EA,0.9943270000000001
210865535,4, Noise,0.933831
210866714,4, Noise,0.938535
210868876,4,  RRab,0.8565860000000001
210870257,4,OTHPER,0.973342
210871153,4, Noise,0.8668319999999999
210872849,4, Noise,0.8539709999999999
210873639,4, Noise,0.88825
210875952,4, DSCUT,0.592657
210876158,4,    EB,0.997798
210878281,4,OTHPER,0.9729389999999999
210878569,4,OTHPER,0.960558
210880372,4, Noise,0.8713989999999999
210882062,4, Noise,0.858591
210885329,4,OTHPER,0.9611860000000001
210886545,4, Noise,0.851093
210886823,4,OTHPER,0.9611649999999999
210886931,4, Noise,0.920227
210887246,4,OTHPER,0.9743620000000001
210887385,4, Noise,0.9036280000000001
210888061,4,OTHPER,0.9584520000000001
210888123,4,OTHPER,0.989576
210888231,4,OTHPER,0.9757610000000001
210890082,4,OTHPER,0.981088
210893458,4,  GDOR,0.767197
210894266,4,    EA,0.5148020000000001
210894583,4,    EB,0.590705
210898824,4,  GDOR,0.8943780000000001
210901978,4, Noise,0.8614790000000001
210902271,4,OTHPER,0.9508260000000001
210904592,4, Noise,0.908386
210907414,4, Noise,0.9245459999999999
210908413,4, DSCUT,0.636441
210909817,4,OTHPER,0.9564940000000001
210910177,4, DSCUT,0.795484
210910457,4,OTHPER,0.957204
210911177,4, Noise,0.880986
210911544,4,OTHPER,0.962406
210912231,4,    EB,0.9733620000000001
210912256,4, DSCUT,0.715256
210913953,4,  GDOR,0.555974
210916718,4,OTHPER,0.9929959999999999
210916769,4,    EB,0.908442
210917200,4, DSCUT,0.9382379999999999
210917330,4,OTHPER,0.97478
210919084,4,    EB,0.56748
210919541,4,    EA,0.7659090000000001
210919628,4,OTHPER,0.961024
210920469,4,OTHPER,0.971791
210920550,4,OTHPER,0.9645540000000001
210921544,4,OTHPER,0.979142
210922126,4,OTHPER,0.978025
210923399,4, DSCUT,0.526101
210923995,4, DSCUT,0.7578729999999999
210925176,4, DSCUT,0.988649
210925707,4,    EA,0.56538
210925792,4,  RRab,0.761333
210927155,4,OTHPER,0.98741
210927336,4, Noise,0.919164
210928115,4,  GDOR,0.939823
210929190,4,  GDOR,0.505672
210929566,4,  GDOR,0.502053
210931116,4,  GDOR,0.963988
210935498,4,  GDOR,0.882511
210935841,4,OTHPER,0.960091
210936710,4,  GDOR,0.703076
210936757,4,  GDOR,0.703076
210936758,4, DSCUT,0.5455949999999999
210938054,4,OTHPER,0.977188
210938595,4,  GDOR,0.546621
210938712,4, Noise,0.89171
210938726,4, Noise,0.943652
210938928,4,OTHPER,0.9503030000000001
210940419,4,OTHPER,0.9518610000000001
210941134,4,OTHPER,0.984347
210941737,4,    EA,0.776044
210943383,4,OTHPER,0.973772
210943453,4,    EB,0.557905
210943662,4, DSCUT,0.882418
210944657,4,OTHPER,0.964532
210945762,4, DSCUT,0.9500129999999999
210946068,4,OTHPER,0.963327
210946779,4,OTHPER,0.969615
210947020,4,OTHPER,0.9535379999999999
210947190,4,OTHPER,0.9639280000000001
210948492,4,  GDOR,0.562481
210948800,4, Noise,0.916773
210949096,4,OTHPER,0.973601
210950113,4,  GDOR,0.821808
210950265,4,    EB,0.5742470000000001
210951223,4,OTHPER,0.9843059999999999
210951735,4, DSCUT,0.949521
210952298,4, Noise,0.8784420000000001
210953527,4, Noise,0.8660030000000001
210954046,4,  GDOR,0.8832450000000001
210954320,4,    EB,0.716
210954667,4, DSCUT,0.716074
210954841,4,OTHPER,0.979798
210954859,4,    EB,0.989087
210956175,4, Noise,0.8839040000000001
210956268,4, Noise,0.8949590000000001
210956967,4,    EA,0.508149
210958608,4,OTHPER,0.9581040000000001
210958689,4,OTHPER,0.97783
210958990,4,    EA,0.891124
210960936,4,    EB,0.923165
210960969,4,OTHPER,0.9615870000000001
210961056,4,OTHPER,0.958509
210963202,4,OTHPER,0.9879760000000001
210963463,4,    EB,0.61943
210963597,4, Noise,0.921215
210963722,4,OTHPER,0.983605
210963723,4,OTHPER,0.9767959999999999
210965155,4,OTHPER,0.9818950000000001
210965538,4,OTHPER,0.98285
210965731,4,    EA,0.5218659999999999
210966392,4,OTHPER,0.9823360000000001
210966768,4, Noise,0.9312600000000001
210967051,4, DSCUT,0.79604
210969246,4, Noise,0.867257
210969614,4,    EB,0.9162629999999999
210969800,4,  GDOR,0.7838189999999999
210972331,4, Noise,0.856701
210972718,4, DSCUT,0.6908340000000001
210973153,4,OTHPER,0.9694389999999999
210974869,4, DSCUT,0.950275
210977750,4, DSCUT,0.663334
210978380,4,  GDOR,0.7591859999999999
210978393,4,OTHPER,0.9508549999999999
210979226,4, Noise,0.851232
210982048,4, Noise,0.903379
210982869,4, Noise,0.85278
210982930,4, Noise,0.875495
210982960,4,OTHPER,0.9603440000000001
210983624,4,OTHPER,0.9663200000000001
210984540,4, DSCUT,0.818387
210986506,4, DSCUT,0.904192
210986567,4, Noise,0.961283
210988164,4,OTHPER,0.978196
210988475,4,OTHPER,0.961419
210990503,4, Noise,0.853044
210990725,4, Noise,0.867624
210991500,4,    EB,0.987574
210992939,4, DSCUT,0.9391729999999999
210993942,4, DSCUT,0.5994520000000001
210994193,4, Noise,0.854075
210994439,4,  GDOR,0.964309
210994946,4,  RRab,0.721108
210995852,4,OTHPER,0.987525
210996884,4,OTHPER,0.9506819999999999
210998801,4,  GDOR,0.639941
210999133,4, Noise,0.8608120000000001
210999232,4,OTHPER,0.9710549999999999
210999447,4,OTHPER,0.96298
211000135,4,    EB,0.9817389999999999
211000368,4,    EA,0.563611
211000473,4,    EA,0.563611
211001045,4,    EA,0.5455800000000001
211002172,4,    EB,0.74316
211003672,4,OTHPER,0.989361
211004943,4,OTHPER,0.962226
211005924,4,    EB,0.783987
211007062,4, DSCUT,0.900366
211007344,4,OTHPER,0.966411
211008434,4, Noise,0.945225
211008595,4,OTHPER,0.9721540000000001
211009199,4, DSCUT,0.651224
211010792,4, Noise,0.868956
211011634,4, DSCUT,0.6251800000000001
211011649,4,OTHPER,0.992196
211012043,4,  RRab,0.507425
211013221,4,OTHPER,0.975548
211013858,4, Noise,0.931077
211014661,4,OTHPER,0.987408
211015348,4,  GDOR,0.503534
211015722,4,    EA,0.996233
211016408,4, DSCUT,0.9724889999999999
211016921,4, DSCUT,0.695476
211017994,4,    EB,0.9145190000000001
211018406,4,  GDOR,0.603226
211019716,4,    EB,0.526095
211019860,4,    EB,0.766834
211020068,4,  GDOR,0.737632
211020188,4,  GDOR,0.5400020000000001
211020446,4,    EB,0.999792
211021319,4,    EA,0.516228
211021461,4,  GDOR,0.6571819999999999
211022330,4, DSCUT,0.9615870000000001
211023010,4, DSCUT,0.8930739999999999
211023311,4, Noise,0.8538959999999999
211023535,4,OTHPER,0.974409
211024440,4, Noise,0.8549899999999999
211025007,4,    EB,0.517366
211026389,4, Noise,0.8546
211027527,4, Noise,0.8591209999999999
211027775,4,    EB,0.702445
211028347,4, Noise,0.8655799999999999
211029530,4,OTHPER,0.9664719999999999
211030550,4, DSCUT,0.938357
211031397,4, DSCUT,0.740747
211031520,4,OTHPER,0.955347
211032114,4, DSCUT,0.505579
211033155,4,    EB,0.9487690000000001
211035702,4,OTHPER,0.96242
211036449,4,    EA,0.6677
211036665,4,    EB,0.738088
211037018,4,OTHPER,0.9604450000000001
211039441,4,OTHPER,0.9711280000000001
211041532,4,    EA,0.783812
211042413,4, DSCUT,0.962251
211044759,4, DSCUT,0.618748
211045374,4,OTHPER,0.9751110000000001
211046046,4,OTHPER,0.9558989999999999
211046168,4,    EB,0.542415
211046515,4,OTHPER,0.968793
211048014,4,    EB,0.886487
211048310,4,  RRab,0.449787
211048999,4,OTHPER,0.984627
211049366,4, Noise,0.868002
211049396,4,OTHPER,0.969591
211050402,4, Noise,0.8696440000000001
211050460,4,  GDOR,0.549794
211051536,4,  RRab,0.554488
211052320,4,OTHPER,0.963678
211053882,4, DSCUT,0.883851
211054580,4,OTHPER,0.967685
211056558,4, Noise,0.874657
211056908,4, DSCUT,0.9733729999999999
211057183,4,  GDOR,0.8931379999999999
211057785,4, Noise,0.850881
211058146,4,OTHPER,0.9871549999999999
211058796,4, Noise,0.850123
211059062,4,OTHPER,0.9755389999999999
211059303,4,OTHPER,0.952852
211059325,4,  GDOR,0.628991
211061230,4,    EA,0.8491280000000001
211061316,4,    EB,0.533755
211061816,4,  GDOR,0.899027
211062526,4, DSCUT,0.8558479999999999
211063299,4,OTHPER,0.992924
211064526,4,OTHPER,0.99211
211064956,4, Noise,0.8561049999999999
211065427,4,  GDOR,0.6793100000000001
211066015,4,  GDOR,0.517239
211067166,4, Noise,0.8531489999999999
211067316,4,OTHPER,0.9618
211067702,4,OTHPER,0.9503379999999999
211067862,4,OTHPER,0.9773569999999999
211068547,4, DSCUT,0.6349
211068725,4,    EA,0.6020939999999999
211069456,4,  GDOR,0.905027
211069510,4,    EB,0.5479
211069540,4,  RRab,0.42771499999999996
211069629,4,  RRab,0.6255729999999999
211070599,4,  GDOR,0.761905
211071185,4,OTHPER,0.9921770000000001
211071453,4,  GDOR,0.5722149999999999
211073349,4, DSCUT,0.559025
211075155,4,OTHPER,0.9523459999999999
211076400,4,OTHPER,0.9799180000000001
211078279,4,OTHPER,0.987513
211079486,4,  GDOR,0.9078129999999999
211082172,4,  GDOR,0.786728
211083408,4,    EA,0.603835
211083574,4,    EA,0.833946
211083721,4, DSCUT,0.9816469999999999
211084005,4, Noise,0.8562620000000001
211084813,4,  RRab,0.54773
211085419,4,OTHPER,0.9528209999999999
211086147,4,OTHPER,0.994567
211087248,4,    EA,0.6799189999999999
211088020,4,OTHPER,0.9755860000000001
211088258,4,OTHPER,0.987605
211088413,4, Noise,0.901576
211089063,4, Noise,0.862606
211090115,4,OTHPER,0.982901
211090224,4,OTHPER,0.977512
211090558,4,    EA,0.626832
211090829,4,  RRab,0.43153400000000003
211090925,4,OTHPER,0.97041
211091135,4,  RRab,0.554992
211091848,4,  GDOR,0.7044520000000001
211094095,4,OTHPER,0.9624790000000001
211095127,4, DSCUT,0.6124
211096084,4,    EB,0.875553
211096385,4,OTHPER,0.9541790000000001
211096747,4,    EA,0.6965140000000001
211097879,4, Noise,0.8810209999999999
211098990,4,  GDOR,0.9617760000000001
211101583,4,OTHPER,0.992771
211101694,4, Noise,0.882424
211101761,4,  GDOR,0.5282359999999999
211103431,4,    EA,0.517034
211104058,4, DSCUT,0.8789030000000001
211105604,4, Noise,0.871826
211106350,4,  GDOR,0.60955
211107734,4,OTHPER,0.96915
211110493,4,  RRab,0.47332799999999997
211110500,4,    EB,0.507482
211111496,4,OTHPER,0.974411
211112685,4,  GDOR,0.579802
211112686,4,    EB,0.81601
211113263,4,OTHPER,0.9852719999999999
211113696,4,OTHPER,0.969706
211114628,4, DSCUT,0.8246680000000001
211114864,4, DSCUT,0.969534
211115338,4, DSCUT,0.9314049999999999
211115616,4,  RRab,0.555437
211115713,4,OTHPER,0.9585600000000001
211116358,4, DSCUT,0.794407
211116932,4,OTHPER,0.9710780000000001
211116993,4, Noise,0.8917870000000001
211117788,4, DSCUT,0.7257319999999999
211118251,4,OTHPER,0.9758540000000001
211119314,4,    EB,0.689075
211120536,4, Noise,0.864555
211120889,4,    EA,0.576958
211121141,4,OTHPER,0.972306
211122782,4, Noise,0.8559110000000001
211124159,4, Noise,0.91871
211125348,4,  GDOR,0.539291
211129308,4,OTHPER,0.9598909999999999
211129400,4,  GDOR,0.700786
211129892,4,OTHPER,0.956081
211131748,4,OTHPER,0.9502709999999999
211132787,4,    EB,0.955361
211133340,4,  GDOR,0.511925
211134185,4, DSCUT,0.606034
211135076,4,  GDOR,0.640843
211135523,4,OTHPER,0.953924
211136427,4, DSCUT,0.655374
211136846,4, DSCUT,0.729541
211138940,4, Noise,0.924142
211143504,4,    EB,0.8633860000000001
211144587,4,OTHPER,0.956068
211146978,4, Noise,0.857201
211147178,4,    EA,0.995917
211147528,4, DSCUT,0.824633
211150917,4, DSCUT,0.84231
211154046,4,    EA,0.96241
211156926,4,OTHPER,0.9566129999999999
211159550,4,  GDOR,0.555014
211160700,4,    EB,0.697602
211160717,4,    EB,0.699021
211161825,4,  GDOR,0.7264970000000001
211167551,4, Noise,0.852542
211167564,4,OTHPER,0.9602069999999999
211168323,4,OTHPER,0.959456
211173015,4, DSCUT,0.948808
211178965,4, DSCUT,0.9647190000000001
211179336,4,    EB,0.99492
211179955,4,    EB,0.70453
211187373,4,OTHPER,0.951876
211193773,4,  GDOR,0.539046
211195812,4,OTHPER,0.958945
